-- MySQL dump 10.14  Distrib 5.5.44-MariaDB, for Linux (x86_64)
--
-- Host: localhost    Database: mathrelay3
-- ------------------------------------------------------
-- Server version	5.5.44-MariaDB

/*!40101 SET @OLD_CHARACTER_SET_CLIENT=@@CHARACTER_SET_CLIENT */;
/*!40101 SET @OLD_CHARACTER_SET_RESULTS=@@CHARACTER_SET_RESULTS */;
/*!40101 SET @OLD_COLLATION_CONNECTION=@@COLLATION_CONNECTION */;
/*!40101 SET NAMES utf8 */;
/*!40103 SET @OLD_TIME_ZONE=@@TIME_ZONE */;
/*!40103 SET TIME_ZONE='+00:00' */;
/*!40014 SET @OLD_UNIQUE_CHECKS=@@UNIQUE_CHECKS, UNIQUE_CHECKS=0 */;
/*!40014 SET @OLD_FOREIGN_KEY_CHECKS=@@FOREIGN_KEY_CHECKS, FOREIGN_KEY_CHECKS=0 */;
/*!40101 SET @OLD_SQL_MODE=@@SQL_MODE, SQL_MODE='NO_AUTO_VALUE_ON_ZERO' */;
/*!40111 SET @OLD_SQL_NOTES=@@SQL_NOTES, SQL_NOTES=0 */;

--
-- Table structure for table `admin_log`
--

DROP TABLE IF EXISTS `admin_log`;
/*!40101 SET @saved_cs_client     = @@character_set_client */;
/*!40101 SET character_set_client = utf8 */;
CREATE TABLE `admin_log` (
  `team_id` int(8) NOT NULL,
  `timestamp` varchar(35) NOT NULL,
  `question_number` int(8) NOT NULL,
  `award` int(8) NOT NULL,
  `total` int(8) NOT NULL
) ENGINE=InnoDB DEFAULT CHARSET=latin1;
/*!40101 SET character_set_client = @saved_cs_client */;

--
-- Dumping data for table `admin_log`
--

LOCK TABLES `admin_log` WRITE;
/*!40000 ALTER TABLE `admin_log` DISABLE KEYS */;
INSERT INTO `admin_log` VALUES (17,'1490909439',1,8,8),(1,'1490909449',1,10,10),(16,'1490909452',1,10,10),(5,'1490909463',1,10,10),(19,'1490909463',1,10,10),(18,'1490909465',1,10,10),(9,'1490909468',1,10,10),(6,'1490909471',1,8,8),(25,'1490909472',1,10,10),(9,'1490909480',6,10,20),(11,'1490909487',2,10,10),(36,'1490909494',8,10,10),(41,'1490909494',1,8,8),(33,'1490909500',1,8,8),(17,'1490909504',2,10,18),(11,'1490909505',1,6,16),(10,'1490909512',1,8,8),(35,'1490909521',1,8,8),(29,'1490909523',1,8,8),(37,'1490909527',1,10,10),(46,'1490909533',1,10,10),(25,'1490909541',2,10,20),(31,'1490909542',1,8,8),(41,'1490909543',2,10,18),(14,'1490909546',2,10,10),(19,'1490909551',2,10,20),(33,'1490909555',3,10,18),(12,'1490909556',1,8,8),(21,'1490909563',2,6,6),(5,'1490909563',4,10,20),(9,'1490909563',9,10,30),(7,'1490909564',1,10,10),(39,'1490909564',2,10,10),(38,'1490909569',9,10,10),(3,'1490909571',1,10,10),(22,'1490909578',1,8,8),(32,'1490909580',8,10,10),(35,'1490909581',2,10,18),(6,'1490909584',2,8,16),(18,'1490909585',2,8,18),(15,'1490909585',1,8,8),(21,'1490909587',40,10,16),(42,'1490909589',2,8,8),(17,'1490909592',9,10,28),(27,'1490909592',1,6,6),(30,'1490909593',1,8,8),(9,'1490909594',2,8,38),(46,'1490909594',3,10,20),(38,'1490909594',14,10,20),(44,'1490909597',1,6,6),(42,'1490909601',1,10,18),(33,'1490909603',2,10,28),(49,'1490909606',1,8,8),(2,'1490909606',2,10,10),(46,'1490909609',7,10,30),(9,'1490909610',10,10,48),(19,'1490909611',6,10,30),(44,'1490909615',2,10,16),(16,'1490909616',4,10,20),(32,'1490909618',3,10,20),(24,'1490909619',1,8,8),(38,'1490909619',3,6,26),(5,'1490909621',3,10,30),(13,'1490909621',1,10,10),(9,'1490909622',17,10,58),(31,'1490909624',2,6,14),(6,'1490909626',6,10,26),(4,'1490909636',1,10,10),(41,'1490909638',6,10,28),(31,'1490909640',5,10,24),(14,'1490909640',4,10,20),(26,'1490909642',11,10,10),(3,'1490909642',2,10,20),(21,'1490909645',14,10,26),(20,'1490909649',1,10,10),(41,'1490909650',4,10,38),(31,'1490909652',6,10,34),(23,'1490909652',1,10,10),(13,'1490909653',27,10,20),(26,'1490909654',1,8,18),(15,'1490909655',2,6,14),(48,'1490909657',1,10,10),(22,'1490909659',6,10,18),(14,'1490909660',6,10,30),(8,'1490909662',2,8,8),(21,'1490909662',1,8,34),(17,'1490909665',13,8,36),(3,'1490909665',6,10,30),(19,'1490909666',8,10,40),(10,'1490909666',6,10,18),(1,'1490909668',8,10,20),(28,'1490909669',1,10,10),(49,'1490909670',4,10,18),(32,'1490909671',2,10,30),(35,'1490909671',8,8,26),(39,'1490909672',1,8,18),(18,'1490909672',6,10,28),(25,'1490909672',3,10,30),(14,'1490909673',8,8,38),(46,'1490909675',2,10,40),(38,'1490909676',10,10,36),(19,'1490909676',13,8,48),(11,'1490909678',6,10,26),(23,'1490909679',2,6,16),(37,'1490909682',2,8,18),(42,'1490909683',3,8,26),(18,'1490909686',11,10,38),(2,'1490909688',1,8,18),(1,'1490909689',4,10,30),(44,'1490909689',14,8,24),(8,'1490909699',14,10,18),(2,'1490909700',3,10,28),(37,'1490909701',6,10,28),(41,'1490909703',8,8,46),(7,'1490909705',2,10,20),(18,'1490909708',8,8,46),(27,'1490909709',4,10,16),(45,'1490909713',2,10,10),(16,'1490909714',2,8,28),(31,'1490909714',8,10,44),(30,'1490909720',13,10,18),(48,'1490909722',2,10,20),(49,'1490909725',2,10,28),(17,'1490909726',33,10,46),(22,'1490909727',2,8,26),(42,'1490909728',4,10,36),(36,'1490909729',6,10,20),(9,'1490909730',4,8,66),(6,'1490909734',14,10,36),(26,'1490909734',6,10,28),(49,'1490909735',3,10,38),(43,'1490909742',2,6,6),(9,'1490909742',15,8,74),(46,'1490909743',4,10,50),(2,'1490909743',11,10,38),(32,'1490909744',13,8,38),(22,'1490909744',4,10,36),(42,'1490909747',6,10,46),(17,'1490909747',8,10,56),(3,'1490909747',8,10,40),(49,'1490909748',8,10,48),(27,'1490909749',8,10,26),(38,'1490909751',11,10,46),(40,'1490909751',2,10,10),(29,'1490909752',14,10,18),(47,'1490909753',9,10,10),(15,'1490909755',7,10,24),(22,'1490909758',9,10,46),(39,'1490909758',3,10,28),(18,'1490909761',4,8,54),(49,'1490909764',9,10,58),(39,'1490909765',4,10,38),(35,'1490909768',10,10,36),(38,'1490909769',17,10,56),(43,'1490909770',4,10,16),(25,'1490909772',7,10,40),(24,'1490909773',3,10,18),(16,'1490909773',9,10,38),(44,'1490909773',8,10,34),(40,'1490909774',1,10,20),(4,'1490909776',2,8,18),(26,'1490909776',2,8,36),(21,'1490909777',20,10,44),(18,'1490909780',13,8,62),(36,'1490909781',17,10,30),(29,'1490909782',17,10,28),(25,'1490909782',4,10,50),(13,'1490909784',30,10,30),(27,'1490909789',7,10,36),(32,'1490909790',14,10,48),(46,'1490909791',6,10,60),(50,'1490909793',2,6,6),(42,'1490909795',8,10,56),(17,'1490909796',20,10,66),(47,'1490909801',6,10,20),(34,'1490909807',4,10,10),(5,'1490909808',6,10,40),(21,'1490909811',35,10,54),(41,'1490909811',9,10,56),(35,'1490909813',11,10,46),(31,'1490909817',9,10,54),(19,'1490909820',3,6,54),(13,'1490909820',20,10,40),(3,'1490909822',3,10,50),(38,'1490909829',23,10,66),(48,'1490909829',3,10,30),(5,'1490909831',16,10,50),(50,'1490909831',5,10,16),(15,'1490909832',4,10,34),(31,'1490909834',34,10,64),(7,'1490909835',4,10,30),(28,'1490909836',2,10,20),(18,'1490909837',16,10,72),(10,'1490909839',17,10,28),(49,'1490909842',6,10,68),(8,'1490909843',25,10,28),(26,'1490909844',9,10,46),(47,'1490909847',3,10,30),(28,'1490909848',6,10,30),(10,'1490909849',3,10,38),(14,'1490909850',11,10,48),(4,'1490909852',11,8,26),(35,'1490909852',14,10,56),(8,'1490909853',9,10,38),(43,'1490909854',1,4,20),(31,'1490909855',11,10,74),(19,'1490909856',11,10,64),(50,'1490909857',20,10,26),(32,'1490909857',5,8,56),(29,'1490909858',5,10,38),(46,'1490909863',17,10,70),(13,'1490909863',11,10,50),(9,'1490909864',16,10,84),(22,'1490909864',14,10,56),(36,'1490909868',10,10,40),(3,'1490909873',9,10,60),(45,'1490909874',3,10,20),(38,'1490909876',20,10,76),(7,'1490909876',10,10,40),(39,'1490909878',6,10,48),(37,'1490909880',8,10,38),(6,'1490909880',20,10,46),(28,'1490909880',3,10,40),(33,'1490909881',9,10,38),(27,'1490909883',6,10,46),(20,'1490909884',14,8,18),(23,'1490909888',24,10,26),(14,'1490909891',9,10,58),(32,'1490909891',6,10,66),(8,'1490909893',6,10,48),(37,'1490909894',11,10,48),(7,'1490909894',3,8,48),(34,'1490909899',8,10,20),(33,'1490909899',11,10,48),(3,'1490909899',10,10,70),(32,'1490909903',9,10,76),(13,'1490909903',3,8,58),(16,'1490909906',18,10,48),(31,'1490909909',7,10,84),(34,'1490909912',1,8,28),(9,'1490909913',8,10,94),(3,'1490909915',17,10,80),(15,'1490909917',30,10,44),(14,'1490909918',29,10,68),(50,'1490909919',6,10,36),(42,'1490909920',11,10,66),(36,'1490909921',1,8,48),(29,'1490909923',4,10,48),(18,'1490909923',20,10,82),(3,'1490909923',14,10,90),(8,'1490909924',8,10,58),(13,'1490909926',14,10,68),(39,'1490909929',14,10,58),(47,'1490909933',17,10,40),(38,'1490909937',31,10,86),(7,'1490909938',6,10,58),(5,'1490909938',14,10,60),(2,'1490909940',9,10,48),(11,'1490909941',14,10,36),(21,'1490909945',11,10,64),(32,'1490909946',10,10,86),(42,'1490909946',13,8,74),(10,'1490909947',16,10,48),(9,'1490909947',24,6,100),(48,'1490909947',6,10,40),(8,'1490909948',13,10,68),(24,'1490909960',14,10,28),(19,'1490909964',7,8,72),(35,'1490909965',17,10,66),(33,'1490909966',14,10,58),(10,'1490909966',19,10,58),(8,'1490909970',11,10,78),(46,'1490909972',5,10,80),(40,'1490909973',9,10,30),(25,'1490909977',10,10,60),(35,'1490909979',16,10,76),(11,'1490909980',7,8,44),(4,'1490909980',9,10,36),(12,'1490909981',13,8,16),(32,'1490909981',17,10,96),(23,'1490909982',13,10,36),(1,'1490909983',13,10,40),(5,'1490909983',20,10,70),(17,'1490909986',10,10,76),(49,'1490909989',14,10,78),(27,'1490909990',11,10,56),(21,'1490909990',23,10,74),(44,'1490909992',3,10,44),(41,'1490909992',10,10,66),(4,'1490909994',3,10,46),(20,'1490909995',8,8,26),(38,'1490909996',8,10,96),(10,'1490909996',14,10,68),(40,'1490909996',6,8,38),(13,'1490910000',24,10,78),(46,'1490910000',8,8,88),(19,'1490910001',14,10,82),(8,'1490910009',1,8,86),(50,'1490910009',4,10,46),(37,'1490910009',10,10,58),(23,'1490910010',27,6,42),(13,'1490910010',19,10,88),(12,'1490910011',11,10,26),(26,'1490910020',10,10,56),(15,'1490910023',32,10,54),(35,'1490910024',13,8,84),(25,'1490910025',11,10,70),(44,'1490910026',17,10,54),(12,'1490910026',16,10,36),(6,'1490910030',17,10,56),(42,'1490910031',14,10,84),(8,'1490910032',10,10,96),(18,'1490910034',17,10,92),(17,'1490910037',40,10,86),(50,'1490910040',16,10,56),(1,'1490910042',20,10,50),(3,'1490910043',4,8,98),(48,'1490910043',27,10,50),(27,'1490910045',10,10,66),(38,'1490910046',6,10,106),(4,'1490910047',13,8,54),(12,'1490910048',6,10,46),(49,'1490910053',10,8,86),(36,'1490910053',3,10,58),(5,'1490910054',11,10,80),(41,'1490910055',40,4,70),(30,'1490910056',2,6,24),(13,'1490910057',17,10,98),(31,'1490910057',4,10,94),(20,'1490910061',10,10,36),(22,'1490910061',7,10,66),(50,'1490910062',14,10,66),(49,'1490910066',15,10,96),(17,'1490910069',27,10,96),(24,'1490910072',24,10,38),(46,'1490910072',22,10,98),(37,'1490910074',4,10,68),(38,'1490910082',34,10,116),(13,'1490910082',9,10,108),(19,'1490910082',4,8,90),(17,'1490910086',28,10,106),(49,'1490910086',16,10,106),(31,'1490910087',16,10,104),(44,'1490910087',6,10,64),(1,'1490910088',6,10,60),(25,'1490910091',6,10,80),(35,'1490910091',3,10,94),(3,'1490910094',11,10,108),(16,'1490910094',38,10,58),(7,'1490910094',5,10,68),(14,'1490910095',14,10,78),(4,'1490910097',8,8,62),(20,'1490910097',6,10,46),(30,'1490910097',3,8,32),(1,'1490910099',14,10,70),(7,'1490910103',14,10,78),(42,'1490910103',7,10,94),(11,'1490910104',30,10,54),(44,'1490910104',9,10,74),(31,'1490910105',14,10,114),(16,'1490910107',32,10,68),(23,'1490910108',17,10,52),(32,'1490910108',4,10,106),(41,'1490910112',17,10,80),(32,'1490910114',11,10,116),(36,'1490910115',27,8,66),(5,'1490910122',2,6,86),(34,'1490910125',16,10,38),(37,'1490910127',14,10,78),(16,'1490910129',31,10,78),(26,'1490910132',8,6,62),(45,'1490910136',1,6,26),(17,'1490910136',32,10,116),(18,'1490910138',10,10,102),(21,'1490910139',17,10,84),(9,'1490910141',35,10,110),(42,'1490910142',16,10,104),(23,'1490910146',38,10,62),(15,'1490910147',3,10,64),(10,'1490910147',9,10,78),(13,'1490910148',32,10,118),(25,'1490910149',32,10,90),(6,'1490910153',13,6,62),(36,'1490910154',15,10,76),(23,'1490910157',40,10,72),(10,'1490910158',29,10,88),(20,'1490910159',33,10,56),(38,'1490910160',28,10,126),(12,'1490910161',14,10,56),(50,'1490910161',3,8,74),(9,'1490910163',12,4,114),(10,'1490910168',22,10,98),(40,'1490910168',11,8,46),(14,'1490910170',17,10,88),(27,'1490910171',13,6,72),(44,'1490910173',10,8,82),(23,'1490910176',28,10,82),(9,'1490910177',14,8,122),(8,'1490910177',34,10,106),(13,'1490910178',34,10,128),(15,'1490910179',6,10,74),(11,'1490910179',11,10,64),(30,'1490910180',29,10,42),(49,'1490910180',18,10,116),(34,'1490910184',20,10,48),(7,'1490910184',24,10,88),(23,'1490910185',35,10,92),(43,'1490910188',5,10,30),(44,'1490910188',4,10,92),(5,'1490910189',28,10,96),(15,'1490910190',34,8,82),(48,'1490910190',5,10,60),(40,'1490910193',14,10,56),(31,'1490910193',13,8,122),(30,'1490910194',14,10,52),(35,'1490910194',27,10,104),(3,'1490910197',19,10,118),(34,'1490910201',24,10,58),(7,'1490910205',17,10,98),(48,'1490910206',11,10,70),(39,'1490910209',15,10,68),(41,'1490910215',39,2,82),(8,'1490910216',15,6,112),(4,'1490910216',20,10,72),(35,'1490910219',23,10,114),(2,'1490910225',20,8,56),(42,'1490910228',23,10,114),(45,'1490910230',11,10,36),(47,'1490910231',11,10,50),(33,'1490910231',6,10,68),(28,'1490910233',33,10,50),(25,'1490910233',17,10,100),(50,'1490910236',10,10,84),(22,'1490910238',19,10,76),(38,'1490910238',29,10,136),(31,'1490910247',3,8,130),(9,'1490910247',39,8,130),(20,'1490910248',29,10,66),(23,'1490910251',33,10,102),(49,'1490910251',24,10,126),(26,'1490910251',39,10,72),(41,'1490910251',38,2,84),(17,'1490910253',3,10,126),(32,'1490910254',35,10,126),(10,'1490910255',32,10,108),(11,'1490910256',9,10,74),(46,'1490910256',31,10,108),(50,'1490910258',17,10,94),(47,'1490910261',15,10,60),(21,'1490910262',10,10,94),(39,'1490910263',13,8,76),(9,'1490910268',34,10,140),(24,'1490910270',2,6,44),(16,'1490910272',13,8,86),(13,'1490910275',29,10,138),(41,'1490910277',37,2,86),(1,'1490910277',2,8,78),(34,'1490910277',18,10,68),(32,'1490910280',28,10,136),(3,'1490910280',13,10,128),(21,'1490910282',22,10,104),(8,'1490910284',32,10,122),(41,'1490910285',36,4,90),(13,'1490910286',40,10,148),(50,'1490910286',11,10,104),(32,'1490910289',23,8,144),(40,'1490910290',13,6,62),(7,'1490910291',15,10,108),(21,'1490910291',8,10,114),(17,'1490910291',29,8,134),(49,'1490910291',17,10,136),(48,'1490910292',10,10,80),(1,'1490910293',39,10,88),(25,'1490910295',14,10,110),(15,'1490910298',8,10,92),(41,'1490910300',35,2,92),(29,'1490910303',33,10,58),(46,'1490910307',39,10,118),(31,'1490910308',15,10,140),(40,'1490910308',17,10,72),(34,'1490910309',10,10,78),(41,'1490910312',34,2,94),(36,'1490910313',13,8,84),(7,'1490910313',8,10,118),(3,'1490910315',21,10,138),(14,'1490910318',34,10,98),(49,'1490910319',20,10,146),(25,'1490910319',24,10,120),(46,'1490910323',40,10,128),(6,'1490910324',40,10,72),(3,'1490910325',24,10,148),(41,'1490910326',33,2,96),(1,'1490910327',40,10,98),(30,'1490910327',30,6,58),(4,'1490910327',16,10,82),(17,'1490910329',34,10,144),(14,'1490910332',33,8,106),(13,'1490910332',12,6,154),(33,'1490910333',8,10,78),(9,'1490910335',37,10,150),(41,'1490910336',14,10,106),(23,'1490910337',29,10,112),(7,'1490910337',11,10,128),(35,'1490910338',35,10,124),(28,'1490910338',34,8,58),(13,'1490910342',37,10,164),(20,'1490910344',31,10,76),(33,'1490910345',17,8,86),(50,'1490910346',25,10,114),(41,'1490910347',3,8,114),(22,'1490910348',33,10,86),(43,'1490910348',14,10,40),(32,'1490910350',40,10,154),(5,'1490910354',29,10,106),(39,'1490910354',17,10,86),(30,'1490910355',9,6,64),(42,'1490910355',20,10,124),(47,'1490910357',19,10,70),(41,'1490910361',32,2,116),(48,'1490910361',17,10,90),(50,'1490910362',32,10,124),(31,'1490910364',17,10,150),(16,'1490910364',6,10,96),(24,'1490910364',17,10,54),(42,'1490910365',17,10,134),(2,'1490910368',30,10,66),(23,'1490910370',26,10,122),(9,'1490910370',31,8,158),(25,'1490910371',40,10,130),(1,'1490910371',32,8,106),(20,'1490910372',34,10,86),(15,'1490910373',39,10,102),(34,'1490910373',3,10,88),(14,'1490910373',40,10,116),(36,'1490910375',24,10,94),(42,'1490910376',19,10,144),(45,'1490910378',39,10,46),(30,'1490910378',33,2,66),(37,'1490910378',18,10,88),(41,'1490910380',24,10,126),(16,'1490910382',39,10,106),(20,'1490910382',40,10,96),(1,'1490910383',22,10,116),(21,'1490910384',16,10,124),(8,'1490910384',40,10,132),(27,'1490910388',21,10,82),(45,'1490910389',17,10,56),(6,'1490910390',39,10,82),(30,'1490910390',40,10,76),(36,'1490910391',34,10,104),(22,'1490910391',24,10,96),(2,'1490910393',13,8,74),(4,'1490910393',21,8,90),(13,'1490910397',35,10,174),(37,'1490910398',32,10,98),(38,'1490910399',40,10,146),(50,'1490910400',1,8,132),(16,'1490910401',40,10,116),(26,'1490910401',13,8,80),(48,'1490910401',38,10,100),(18,'1490910402',31,10,112),(46,'1490910405',34,10,138),(2,'1490910406',8,10,84),(49,'1490910408',27,10,156),(40,'1490910408',40,10,82),(15,'1490910408',13,8,110),(45,'1490910409',24,10,66),(32,'1490910412',22,10,164),(5,'1490910413',34,10,116),(12,'1490910413',34,10,66),(38,'1490910413',39,10,156),(3,'1490910414',22,10,158),(9,'1490910415',40,10,168),(49,'1490910416',13,8,164),(23,'1490910417',18,10,132),(29,'1490910418',11,10,68),(32,'1490910419',34,10,174),(31,'1490910419',20,10,160),(18,'1490910422',28,10,122),(13,'1490910423',39,8,182),(14,'1490910424',36,10,126),(10,'1490910425',39,10,118),(40,'1490910425',34,10,92),(12,'1490910428',32,10,76),(11,'1490910428',12,2,76),(31,'1490910429',22,10,170),(32,'1490910430',31,10,184),(29,'1490910430',9,10,78),(30,'1490910431',10,4,80),(38,'1490910433',16,6,162),(16,'1490910433',10,10,126),(9,'1490910433',29,6,174),(10,'1490910435',38,10,128),(26,'1490910437',32,10,90),(41,'1490910438',30,4,130),(34,'1490910439',19,10,98),(40,'1490910440',37,10,102),(50,'1490910442',18,10,142),(13,'1490910442',28,10,192),(2,'1490910445',39,10,94),(19,'1490910447',28,10,100),(35,'1490910447',21,10,134),(10,'1490910450',34,10,138),(23,'1490910452',16,10,142),(50,'1490910454',7,10,152),(2,'1490910454',40,10,104),(42,'1490910454',18,10,154),(46,'1490910455',16,10,148),(5,'1490910456',9,10,126),(30,'1490910458',4,10,90),(35,'1490910458',40,10,144),(19,'1490910459',39,10,110),(22,'1490910460',35,10,106),(10,'1490910462',37,10,148),(16,'1490910463',34,10,136),(18,'1490910464',32,10,132),(12,'1490910465',27,10,86),(29,'1490910469',19,4,82),(21,'1490910470',33,10,134),(7,'1490910470',16,10,138),(10,'1490910471',4,10,158),(2,'1490910472',34,10,114),(36,'1490910472',32,10,114),(42,'1490910473',15,10,164),(17,'1490910474',39,10,154),(28,'1490910477',8,4,62),(39,'1490910478',33,10,96),(3,'1490910480',12,8,166),(48,'1490910481',9,10,110),(33,'1490910483',16,10,96),(2,'1490910484',21,10,124),(14,'1490910485',16,10,136),(31,'1490910486',24,10,180),(33,'1490910491',13,10,106),(11,'1490910492',4,10,86),(2,'1490910494',16,10,134),(25,'1490910494',29,10,140),(19,'1490910494',40,10,120),(29,'1490910496',12,4,86),(38,'1490910498',1,8,170),(8,'1490910505',30,10,142),(19,'1490910506',32,10,130),(26,'1490910508',37,10,100),(45,'1490910509',20,10,76),(29,'1490910509',20,8,94),(2,'1490910510',35,10,144),(38,'1490910511',33,10,180),(5,'1490910511',13,6,132),(27,'1490910513',32,10,92),(23,'1490910517',22,10,152),(18,'1490910518',35,10,142),(24,'1490910519',32,10,64),(28,'1490910519',31,10,72),(14,'1490910521',39,10,146),(41,'1490910524',11,6,136),(21,'1490910524',6,8,142),(9,'1490910527',27,2,176),(2,'1490910527',10,10,154),(48,'1490910528',14,10,120),(29,'1490910532',15,10,104),(46,'1490910534',32,10,158),(23,'1490910534',30,10,162),(24,'1490910535',9,10,74),(14,'1490910536',5,10,156),(11,'1490910538',17,10,96),(13,'1490910538',8,10,202),(41,'1490910538',25,10,146),(38,'1490910539',15,8,188),(48,'1490910539',19,10,130),(40,'1490910540',39,10,112),(42,'1490910541',10,6,170),(37,'1490910541',22,10,108),(31,'1490910543',23,10,190),(30,'1490910546',23,10,100),(10,'1490910546',21,10,168),(24,'1490910546',34,10,84),(15,'1490910547',25,10,120),(49,'1490910547',32,10,174),(5,'1490910548',39,10,142),(17,'1490910551',35,10,164),(6,'1490910552',23,10,92),(2,'1490910554',23,10,164),(22,'1490910555',23,10,116),(42,'1490910557',24,10,180),(40,'1490910561',31,10,122),(4,'1490910563',34,10,100),(2,'1490910564',17,10,174),(20,'1490910565',35,10,106),(18,'1490910567',34,10,152),(33,'1490910567',10,10,116),(32,'1490910568',25,10,194),(30,'1490910569',39,10,110),(29,'1490910572',22,10,114),(5,'1490910572',17,10,152),(12,'1490910573',30,10,96),(11,'1490910582',36,8,104),(13,'1490910583',33,10,212),(4,'1490910585',32,10,110),(22,'1490910588',39,10,126),(26,'1490910589',14,10,110),(44,'1490910595',21,10,102),(29,'1490910596',34,10,124),(11,'1490910596',15,4,108),(27,'1490910598',35,10,102),(22,'1490910598',40,10,136),(9,'1490910598',3,10,186),(17,'1490910599',16,10,174),(23,'1490910601',20,6,168),(47,'1490910602',2,8,78),(4,'1490910602',17,10,120),(19,'1490910604',34,10,140),(36,'1490910604',2,8,122),(40,'1490910605',28,10,132),(26,'1490910605',25,10,120),(48,'1490910609',30,10,140),(47,'1490910611',29,10,88),(5,'1490910613',30,8,160),(35,'1490910613',39,10,154),(19,'1490910614',37,10,150),(6,'1490910615',32,10,102),(25,'1490910617',34,10,150),(29,'1490910618',40,10,134),(12,'1490910618',39,10,106),(16,'1490910621',3,8,144),(18,'1490910623',25,10,162),(38,'1490910626',37,10,198),(46,'1490910628',29,10,168),(15,'1490910629',37,10,130),(12,'1490910631',40,10,116),(40,'1490910631',23,4,136),(23,'1490910632',9,10,178),(31,'1490910635',18,10,200),(35,'1490910636',34,10,164),(5,'1490910637',33,10,170),(20,'1490910637',3,10,116),(38,'1490910638',7,8,206),(18,'1490910639',40,10,172),(15,'1490910641',29,10,140),(48,'1490910643',24,10,150),(29,'1490910643',8,6,140),(49,'1490910644',37,10,184),(3,'1490910644',18,10,176),(39,'1490910645',31,10,106),(50,'1490910646',27,8,160),(13,'1490910646',6,10,222),(34,'1490910646',40,10,108),(27,'1490910646',29,10,112),(41,'1490910648',18,10,156),(10,'1490910650',28,4,172),(40,'1490910653',33,10,146),(13,'1490910654',38,10,232),(16,'1490910656',22,10,154),(8,'1490910659',39,10,152),(38,'1490910661',22,8,214),(41,'1490910662',15,10,166),(42,'1490910662',29,10,190),(18,'1490910665',5,8,180),(50,'1490910669',35,10,170),(7,'1490910672',23,10,148),(36,'1490910672',11,10,132),(3,'1490910675',28,10,186),(33,'1490910677',32,10,126),(32,'1490910677',21,10,204),(25,'1490910678',22,10,160),(11,'1490910678',32,10,118),(27,'1490910679',34,10,122),(5,'1490910681',36,10,180),(13,'1490910681',15,8,240),(6,'1490910681',33,10,112),(49,'1490910681',25,10,194),(2,'1490910682',5,10,184),(44,'1490910682',11,10,112),(40,'1490910685',24,10,156),(33,'1490910689',35,10,136),(31,'1490910689',31,10,210),(3,'1490910692',34,10,196),(32,'1490910693',20,10,214),(9,'1490910696',19,10,196),(42,'1490910696',39,10,200),(45,'1490910696',16,10,86),(11,'1490910696',38,6,124),(41,'1490910697',21,10,176),(40,'1490910699',35,2,158),(16,'1490910700',14,10,164),(43,'1490910700',39,10,50),(47,'1490910701',22,10,98),(23,'1490910702',37,10,188),(4,'1490910704',28,10,130),(17,'1490910704',11,8,182),(33,'1490910704',23,10,146),(31,'1490910707',33,10,220),(11,'1490910709',10,8,132),(7,'1490910709',20,10,158),(39,'1490910709',40,10,116),(23,'1490910710',10,8,196),(14,'1490910713',28,8,164),(18,'1490910716',3,6,186),(50,'1490910716',36,10,180),(40,'1490910716',27,4,162),(42,'1490910717',28,10,210),(33,'1490910717',34,10,156),(6,'1490910717',16,10,122),(23,'1490910718',39,10,206),(31,'1490910720',29,10,230),(27,'1490910720',39,10,132),(11,'1490910721',5,6,138),(28,'1490910725',27,6,78),(42,'1490910725',34,10,220),(9,'1490910726',33,2,198),(18,'1490910727',24,10,196),(46,'1490910729',18,10,178),(2,'1490910729',25,10,194),(15,'1490910730',31,10,150),(33,'1490910732',40,10,166),(40,'1490910733',22,2,164),(11,'1490910734',34,10,148),(35,'1490910737',32,10,174),(19,'1490910737',20,8,158),(30,'1490910737',37,10,120),(32,'1490910737',1,4,218),(10,'1490910738',35,10,182),(2,'1490910738',24,10,204),(46,'1490910738',11,10,188),(6,'1490910739',31,10,132),(42,'1490910739',32,10,230),(26,'1490910739',3,8,128),(9,'1490910740',23,10,208),(34,'1490910742',36,8,116),(23,'1490910743',8,8,214),(22,'1490910744',29,8,144),(21,'1490910745',37,10,152),(2,'1490910748',32,10,214),(16,'1490910748',28,8,172),(39,'1490910749',10,10,126),(40,'1490910750',32,2,166),(6,'1490910750',37,10,142),(26,'1490910750',12,6,134),(8,'1490910751',28,6,158),(11,'1490910751',24,2,150),(37,'1490910753',39,10,118),(18,'1490910754',27,2,198),(9,'1490910754',26,4,212),(4,'1490910755',37,10,140),(33,'1490910759',31,10,176),(13,'1490910759',18,8,248),(3,'1490910760',33,10,206),(5,'1490910761',40,10,190),(41,'1490910761',29,8,184),(31,'1490910761',35,10,240),(20,'1490910762',26,10,126),(10,'1490910765',33,8,190),(26,'1490910766',16,8,142),(25,'1490910766',8,6,166),(37,'1490910766',40,10,128),(21,'1490910767',38,10,162),(17,'1490910768',38,10,192),(44,'1490910769',23,10,122),(6,'1490910770',35,8,150),(4,'1490910770',12,6,146),(5,'1490910772',31,10,200),(38,'1490910772',19,10,224),(30,'1490910772',21,4,124),(46,'1490910773',10,10,198),(9,'1490910774',5,8,220),(3,'1490910774',32,8,214),(48,'1490910775',13,8,158),(1,'1490910776',17,10,126),(13,'1490910779',10,4,252),(7,'1490910780',18,8,166),(11,'1490910780',31,4,154),(8,'1490910782',29,10,168),(9,'1490910784',11,6,226),(47,'1490910784',40,10,108),(43,'1490910784',36,10,60),(41,'1490910784',20,2,186),(32,'1490910784',18,10,228),(5,'1490910784',8,4,204),(15,'1490910785',38,6,156),(35,'1490910785',33,10,184),(37,'1490910787',35,10,138),(23,'1490910788',3,10,224),(10,'1490910790',40,10,200),(31,'1490910790',36,10,250),(33,'1490910791',33,10,186),(22,'1490910792',30,8,152),(19,'1490910793',29,10,168),(16,'1490910793',29,10,182),(18,'1490910793',37,6,204),(29,'1490910793',29,10,150),(26,'1490910793',27,4,146),(38,'1490910794',4,10,234),(9,'1490910798',30,10,236),(4,'1490910798',7,8,154),(41,'1490910799',13,6,192),(13,'1490910800',13,10,262),(47,'1490910801',33,10,118),(31,'1490910802',40,10,260),(38,'1490910802',13,6,240),(40,'1490910802',16,2,168),(42,'1490910807',22,10,240),(25,'1490910808',37,8,174),(15,'1490910808',17,10,166),(29,'1490910809',39,10,160),(22,'1490910809',13,2,154),(12,'1490910809',28,2,118),(19,'1490910809',17,10,178),(18,'1490910810',14,10,214),(5,'1490910811',38,10,214),(37,'1490910813',33,10,148),(4,'1490910813',25,10,164),(21,'1490910814',32,10,172),(43,'1490910815',18,10,70),(27,'1490910816',18,10,142),(6,'1490910816',36,10,160),(42,'1490910816',33,10,250),(13,'1490910817',4,6,268);
/*!40000 ALTER TABLE `admin_log` ENABLE KEYS */;
UNLOCK TABLES;

--
-- Table structure for table `answer_key`
--

DROP TABLE IF EXISTS `answer_key`;
/*!40101 SET @saved_cs_client     = @@character_set_client */;
/*!40101 SET character_set_client = utf8 */;
CREATE TABLE `answer_key` (
  `series_number` int(8) NOT NULL,
  `level_number` int(8) NOT NULL,
  `correct_index` int(8) NOT NULL,
  `choice_2` varchar(32) NOT NULL,
  `choice_1` varchar(32) NOT NULL,
  `choice_3` varchar(32) NOT NULL,
  `choice_4` varchar(32) NOT NULL,
  `choice_5` varchar(32) NOT NULL,
  `choice_6` varchar(32) NOT NULL
) ENGINE=InnoDB DEFAULT CHARSET=utf8;
/*!40101 SET character_set_client = @saved_cs_client */;

--
-- Dumping data for table `answer_key`
--

LOCK TABLES `answer_key` WRITE;
/*!40000 ALTER TABLE `answer_key` DISABLE KEYS */;
INSERT INTO `answer_key` VALUES (1,1,1,'6','-6','-24','24','-11','11'),(1,2,5,'-192','-216','-96','48','96','192'),(1,3,2,'Quadratic','Horizontal','Positive','Negative','Linear','Vertical'),(2,1,2,'12','-12','√(194)','144','√(134)','194'),(2,2,4,'2','1','11','12','15','0'),(2,3,6,'(-∞,∞)','[-∞,-12]∪[-12,∞]','(-∞,12)∪(12,∞)','[-∞,∞]','(-∞-12]∪[-12,∞)','(-∞,-12)∪(-12,∞)'),(3,1,1,'8','4','10','12','16','20'),(3,2,2,'0','-64','5','24','48','180'),(3,3,5,'100','20','105','200','210','400'),(4,1,5,'-3','-6','2','3','6','10'),(4,2,5,'-48','-56','-36','-12','0','16'),(4,3,4,'1/6','0','.33334','1/3','2/3','3'),(5,1,1,'3','2','-7','-10','-12','-20.5'),(5,2,6,'-6','-8','4','6','6.5','8'),(5,3,2,'80','-80','80/3','85/3','-120','120'),(6,1,3,'1/10','1/20','1/5','3/10','7/20','11/20'),(6,2,4,'24/31','-1','8/9','1','8/7','12/11'),(6,3,2,'10','-30','-10/3','20/3','-10','15'),(7,1,4,'.13','.013','1.3','13','41.87','130'),(7,2,1,'47.6','46','58','104','162','1040'),(7,3,2,'81','65 + 4√(61)','111 + 4√(107)','121','169 + 4√(165)','144 + 4√(143)'),(8,1,6,'-2','-5','-3/2','2','7/2','5'),(8,2,4,'1/i','-1/i','-1','1','-i','i'),(8,3,2,'8/15','8/17','15/17','17/15','15/8','17/8'),(9,1,3,'13/5','6/5','3','13/3','12/5','7'),(9,2,5,'10/3','-10','4','5','10','12'),(9,3,3,'(-5, 5√6)','(-5, -5√3)','(-5, 5√3)','(-3, 3√3)','(-2, 2√3)','(3, -3√3)'),(10,1,6,'-10','-11','-1','1','10','11'),(10,2,6,'1/32','1/128','1/16','1/4','16','32'),(10,3,4,'4.171','2.757','4.476','8.952','17.905','28.125'),(11,1,4,'5/3','3/5','9','15','45/2','135'),(11,2,4,'-9/2','-27','-4','-3','-9/5','-1/3'),(11,3,1,'-1','0','1','-2','2','-3'),(12,1,5,'2','.5','40.5','45','50','200'),(12,2,2,'5','20','4.5','4.05','.2','.05'),(12,3,4,'.284','.258','.471','.510','.800','1.000'),(13,1,3,'2','1','6','8','18','216'),(13,2,3,'-23','-26','9','36','289','46629'),(13,3,4,'-3','-6','0','3','6','9'),(14,1,6,'-4','-6','-14/5','-4/5','4/5','4'),(14,2,3,'-2.08','-2.68','5','10','11','15'),(14,3,4,'11','0','16','19','21','29'),(15,1,1,'2','1','3','4','5','6'),(15,2,4,'60π','40π','75π','80π','100π','125π'),(15,3,3,'8/75','2/25','1/10','75/8','10','25/2'),(16,1,5,'1','3/4','4/3','7','12','81'),(16,2,2,'-2','-94','6','38/3','110/9','13'),(16,3,5,'-π/4','-3','0','3π/4','3','6'),(17,1,3,'13/2','2','7','21/2','14','28'),(17,2,2,'15','7.5','-60','67.5','120','330'),(17,3,4,'π/36','π/90','π/18','π/12','π/6','π/3'),(18,1,2,'4','-4','3/7','7/3','10','21'),(18,2,5,'8','91/30','12','17','22','62'),(18,3,5,'22.0','8.3','33.0','46.7','60.4','173.1'),(19,1,4,'80','60','120','140','160','200'),(19,2,4,'10','9','12','13','14','15'),(19,3,6,'21.656','13.717','15.791','14.655','17.784','15.201'),(20,1,6,'36','27','39','40','44','48'),(20,2,1,'9√(2)','15','9','18','2√(101)','81'),(20,3,3,'12','9','15','18','27','30'),(21,1,3,'7','6','8','9','10','11'),(21,2,6,'40','30','50','60','70','80'),(21,3,6,'27.775','20.456','35.626','44.346','54.636','68.747'),(22,1,2,'40','39','44','56','80','81'),(22,2,5,'68','60','84','96','100','101'),(22,3,2,'300','303','288','252','204','180'),(23,1,2,'3','2','5','6','2/3','3/2'),(23,2,6,'155','30','110','95','35','65'),(23,3,4,'17/801','17/810','34/845','17/416','34/605','17/297'),(24,1,3,'2','1/2','8','44','52','88'),(24,2,5,'17/3','-1/3','7','57/4','13','14'),(24,3,6,'1/25','1/26','1/13','13','25','26'),(25,1,2,'26','19','45','52','71','104'),(25,2,5,'12','8','16','18','30','38'),(25,3,2,'60','74','36','32','24','16'),(26,1,2,'80','40','77.460','116.619','130','160'),(26,2,3,'12','9','13','15','16','18'),(26,3,3,'nearest degree 297','nearest degree 290','nearest degree 300','nearest degree 305','nearest degree 308','nearest degree 314'),(27,1,3,'4.167','4','5','5.25','5.4','6.25'),(27,2,1,'72','80','64','84','86.4','100'),(27,3,3,'541','338','645','661','672','729'),(28,1,5,'0.244','0.0024','2.44','24.4','244','2440'),(28,2,3,'.331','.033','4','33.197','331.967','3319.672'),(28,3,6,'-56.917','-56.992','-56.17','-56','25.992','20.25'),(29,1,4,'10','6','15','30','45','60'),(29,2,2,'8','4','12','16','24','40'),(29,3,2,'-0.609','-44.609','43.391','87.391','175.391','351.391'),(30,1,3,'5040','168','10080','25200','43200','604800'),(30,2,4,'26','24.286','50','86','194','4334'),(30,3,4,'-164.453 + 164.453i','-3000.961 + 3000.961i','-18.991 + 18.991i','2.828 - 2.828i','46.467 - 46.467i','52.892-52.892i'),(31,1,5,'4','2','8','14','20','980'),(31,2,6,'4/3','-2','8','18','28','34'),(31,3,6,'1.718e11','2.749e12','2,684,354,555','2,621,435','2555','35'),(32,1,4,'18','10','24','36','48','80'),(32,2,5,'1.285','.5','1.613','1.774','2','2.16'),(32,3,1,'1.035','0.726','1.243','1.625','2.235','.498'),(33,1,5,'-2','-4','1/4','2','4','6'),(33,2,4,'5/2','-5/2','-5','5','5/16','15/2'),(33,3,1,'π/6 and 11π/6','π/6 and 5π/6','5π/6 and 11π/6','5π/6 and -π/6','π/6 and -5π/6','5π/6 and 11π/6'),(34,1,2,' 3','6',' 7','2','14','4'),(34,2,3,'4','7/2','21','27','42','94.5'),(34,3,4,'1','-13','4','8','16','21'),(35,1,5,'-7','-8','-6','0','1','7'),(35,2,5,'-17','-20','-14','4','7','25'),(35,3,2,'192','110','384','466','548','685'),(36,1,4,'2/7','1/7','5/21','1/3','3/7','2/3'),(36,2,2,'-5','-6','-3','-2','5','6'),(36,3,2,'-4i√(2)','-192i','-i√(2)','i√(2)','4i√(2)','292i'),(37,1,1,'70','140','35','17.5','0','210'),(37,2,5,'87.5','43.75','175','262.5','350','525'),(37,3,4,'166','150','175','184','316','500'),(38,1,2,'2','1','3','4','5','6'),(38,2,5,'-80','-116','-44','-8','28','64'),(38,3,4,'21π/2','-27π/2','-15π/2','9π/2','-3π/2','-39π/2'),(39,1,5,'4√(3)','2√(3)','8√(3)','32√(3)','4√(6)','16√(6)'),(39,2,3,'1.5','.75','3','6','96','192'),(39,3,4,'68.203','62.994','94.125','270','1614','6193884'),(40,1,2,'11√(2)','5√(2)','22√(2)','24√(2)','22','48'),(40,2,4,'-0.883','-0.990','-0.174','0','0.105','0.208'),(40,3,4,'16','8','32','64','128','Indeterminable');
/*!40000 ALTER TABLE `answer_key` ENABLE KEYS */;
UNLOCK TABLES;

--
-- Table structure for table `relay_options`
--

DROP TABLE IF EXISTS `relay_options`;
/*!40101 SET @saved_cs_client     = @@character_set_client */;
/*!40101 SET character_set_client = utf8 */;
CREATE TABLE `relay_options` (
  `class` varchar(12) NOT NULL,
  `name` varchar(24) NOT NULL,
  `value` varchar(20) NOT NULL
) ENGINE=InnoDB DEFAULT CHARSET=latin1;
/*!40101 SET character_set_client = @saved_cs_client */;

--
-- Dumping data for table `relay_options`
--

LOCK TABLES `relay_options` WRITE;
/*!40000 ALTER TABLE `relay_options` DISABLE KEYS */;
INSERT INTO `relay_options` VALUES ('event','currentEvent','open'),('event','startTime','1490909283'),('event','stopTime','1535'),('admin','adminPassword','relay17'),('admin','adminLastAction','0'),('display','idColumn','false'),('display','nicknameColumn','true'),('display','totalPoints','false'),('display','level3PointsColumn','true'),('display','level2PointsColumn','true'),('display','level1PointsColumn','true'),('display','numTeams','8'),('reset','numTeams','50'),('reset','passwordLength','6'),('answerkey','numQuestion','40');
/*!40000 ALTER TABLE `relay_options` ENABLE KEYS */;
UNLOCK TABLES;

--
-- Table structure for table `stat_log`
--

DROP TABLE IF EXISTS `stat_log`;
/*!40101 SET @saved_cs_client     = @@character_set_client */;
/*!40101 SET character_set_client = utf8 */;
CREATE TABLE `stat_log` (
  `team_id` int(8) NOT NULL,
  `series_number` int(8) NOT NULL,
  `level_3_result` int(8) NOT NULL,
  `level_2_result` int(8) NOT NULL,
  `level_1_result` int(8) NOT NULL,
  `attempt` int(8) NOT NULL,
  `timesptamp` int(30) NOT NULL
) ENGINE=InnoDB DEFAULT CHARSET=latin1;
/*!40101 SET character_set_client = @saved_cs_client */;

--
-- Dumping data for table `stat_log`
--

LOCK TABLES `stat_log` WRITE;
/*!40000 ALTER TABLE `stat_log` DISABLE KEYS */;
INSERT INTO `stat_log` VALUES (17,1,1,0,1,1,1490909396),(29,1,0,1,1,1,1490909402),(9,4,1,0,1,1,1490909427),(11,1,1,0,1,1,1490909428),(17,1,1,1,1,2,1490909439),(6,1,0,1,1,1,1490909444),(1,1,1,1,1,1,1490909449),(16,1,1,1,1,1,1490909452),(14,1,0,1,1,1,1490909453),(32,1,0,0,0,1,1490909453),(5,1,1,1,1,1,1490909463),(19,1,1,1,1,1,1490909463),(22,1,0,1,1,1,1490909463),(18,1,1,1,1,1,1490909465),(9,1,1,1,1,1,1490909468),(27,1,0,0,1,1,1490909468),(35,1,0,1,1,1,1490909469),(6,1,1,1,1,2,1490909471),(25,1,1,1,1,1,1490909472),(12,1,0,1,1,1,1490909474),(45,1,0,0,1,1,1490909474),(21,2,0,1,1,1,1490909475),(38,3,0,0,1,1,1490909478),(33,1,0,1,1,1,1490909480),(9,6,1,1,1,1,1490909480),(41,1,0,1,1,1,1490909481),(11,2,1,1,1,1,1490909487),(10,1,0,1,1,1,1490909489),(29,2,0,1,1,1,1490909490),(44,1,0,0,1,1,1490909490),(21,1,0,1,1,1,1490909493),(36,8,1,1,1,1,1490909494),(41,1,1,1,1,2,1490909494),(32,1,0,0,1,2,1490909496),(33,1,1,1,1,2,1490909500),(11,1,1,0,1,2,1490909500),(22,2,0,1,1,1,1490909501),(17,2,1,1,1,1,1490909504),(11,1,1,1,1,3,1490909505),(31,1,0,1,1,1,1490909507),(9,2,1,0,1,1,1490909507),(43,1,0,0,1,1,1490909507),(10,1,1,1,1,2,1490909512),(35,1,1,1,1,2,1490909521),(35,1,4,4,4,3,1490909521),(30,1,0,1,1,1,1490909522),(29,1,1,1,1,2,1490909523),(26,2,0,1,1,1,1490909527),(37,1,1,1,1,1,1490909527),(46,1,1,1,1,1,1490909533),(39,1,1,0,1,1,1490909533),(29,2,0,1,1,2,1490909538),(25,2,1,1,1,1,1490909541),(31,1,1,1,1,2,1490909542),(41,2,1,1,1,1,1490909543),(14,2,1,1,1,1,1490909546),(43,1,0,1,1,2,1490909551),(19,2,1,1,1,1,1490909551),(29,3,0,1,1,1,1490909552),(33,3,1,1,1,1,1490909555),(12,1,1,1,1,2,1490909556),(21,2,0,1,1,2,1490909558),(21,2,1,1,1,3,1490909563),(5,4,1,1,1,1,1490909563),(9,9,1,1,1,1,1490909563),(7,1,1,1,1,1,1490909564),(39,2,1,1,1,1,1490909564),(24,1,0,1,1,1,1490909567),(47,1,0,1,1,1,1490909568),(42,2,0,1,1,1,1490909569),(38,9,1,1,1,1,1490909569),(3,1,1,1,1,1,1490909571),(27,1,1,0,1,2,1490909571),(18,2,0,1,1,1,1490909573),(22,1,1,1,1,2,1490909578),(6,2,1,1,0,1,1490909579),(15,1,0,1,1,1,1490909579),(32,8,1,1,1,1,1490909580),(35,2,1,1,1,1,1490909581),(26,1,0,1,1,1,1490909581),(31,2,0,1,1,1,1490909582),(6,2,1,1,1,2,1490909584),(18,2,1,1,1,2,1490909585),(15,1,1,1,1,2,1490909585),(44,1,0,1,1,2,1490909585),(21,40,1,1,1,1,1490909587),(1,3,0,1,1,1,1490909587),(42,2,1,1,1,2,1490909589),(17,9,1,1,1,1,1490909592),(49,1,0,1,1,1,1490909592),(27,1,1,1,1,3,1490909592),(30,1,1,1,1,2,1490909593),(9,2,1,1,1,2,1490909594),(46,3,1,1,1,1,1490909594),(38,14,1,1,1,1,1490909594),(31,2,0,1,1,2,1490909594),(44,1,1,1,1,3,1490909597),(50,1,1,1,0,1,1490909598),(42,1,1,1,1,1,1490909601),(33,2,1,1,1,1,1490909603),(49,1,1,1,1,2,1490909606),(2,2,1,1,1,1,1490909606),(38,3,0,1,1,2,1490909606),(14,8,0,1,1,1,1490909609),(46,7,1,1,1,1,1490909609),(9,10,1,1,1,1,1490909610),(19,6,1,1,1,1,1490909611),(44,2,1,1,1,1,1490909615),(4,2,0,1,1,1,1490909615),(41,8,0,1,1,1,1490909616),(16,4,1,1,1,1,1490909616),(32,3,1,1,1,1,1490909618),(24,1,1,1,1,2,1490909619),(38,3,1,1,1,3,1490909619),(5,3,1,1,1,1,1490909621),(13,1,1,1,1,1,1490909621),(2,1,0,1,1,1,1490909621),(9,17,1,1,1,1,1490909622),(31,2,1,1,1,3,1490909624),(43,2,0,1,1,1,1490909626),(6,6,1,1,1,1,1490909626),(17,13,0,1,1,1,1490909627),(19,13,0,1,1,1,1490909632),(35,8,0,1,1,1,1490909636),(4,1,1,1,1,1,1490909636),(41,6,1,1,1,1,1490909638),(31,5,1,1,1,1,1490909640),(14,4,1,1,1,1,1490909640),(38,2,1,0,1,1,1490909642),(26,11,1,1,1,1,1490909642),(3,2,1,1,1,1,1490909642),(15,2,0,1,1,1,1490909643),(9,24,1,0,0,1,1490909645),(21,14,1,1,1,1,1490909645),(8,2,0,1,1,1,1490909647),(11,5,0,1,1,1,1490909648),(20,1,1,1,1,1,1490909649),(41,4,1,1,1,1,1490909650),(42,3,0,1,1,1,1490909650),(44,14,0,1,1,1,1490909651),(15,2,0,1,1,2,1490909651),(31,6,1,1,1,1,1490909652),(23,1,1,1,1,1,1490909652),(13,27,1,1,1,1,1490909653),(26,1,1,1,1,2,1490909654),(15,2,1,1,1,3,1490909655),(48,1,1,1,1,1,1490909657),(22,6,1,1,1,1,1490909659),(37,2,0,1,1,1,1490909659),(14,6,1,1,1,1,1490909660),(36,1,1,0,1,1,1490909660),(8,2,1,1,1,2,1490909662),(21,1,1,1,1,2,1490909662),(17,13,1,1,1,2,1490909665),(3,6,1,1,1,1,1490909665),(19,8,1,1,1,1,1490909666),(10,6,1,1,1,1,1490909666),(1,8,1,1,1,1,1490909668),(28,1,1,1,1,1,1490909669),(47,1,0,1,1,2,1490909670),(49,4,1,1,1,1,1490909670),(50,2,0,1,1,1,1490909671),(32,2,1,1,1,1,1490909671),(35,8,1,1,1,2,1490909671),(39,1,1,1,1,2,1490909672),(18,6,1,1,1,1,1490909672),(25,3,1,1,1,1,1490909672),(14,8,1,1,1,2,1490909673),(23,2,0,1,1,1,1490909674),(7,3,0,0,1,1,1490909675),(46,2,1,1,1,1,1490909675),(38,10,1,1,1,1,1490909676),(19,13,1,1,1,2,1490909676),(8,12,0,1,1,1,1490909677),(23,2,0,1,1,2,1490909677),(11,6,1,1,1,1,1490909678),(23,2,1,1,1,3,1490909679),(37,2,1,1,1,2,1490909682),(42,3,1,1,1,2,1490909683),(50,2,0,1,1,2,1490909683),(18,11,1,1,1,1,1490909686),(2,1,1,1,1,2,1490909688),(1,4,1,1,1,1,1490909689),(44,14,1,1,1,2,1490909689),(11,5,0,1,1,2,1490909690),(32,13,0,1,1,1,1490909692),(34,1,0,0,1,1,1490909695),(8,14,1,1,1,1,1490909699),(2,3,1,1,1,1,1490909700),(37,6,1,1,1,1,1490909701),(9,15,1,1,0,1,1490909701),(16,2,0,1,1,1,1490909701),(13,31,0,0,1,1,1490909701),(11,8,0,1,1,1,1490909701),(41,8,1,1,1,2,1490909703),(18,8,1,0,1,1,1490909703),(7,2,1,1,1,1,1490909705),(18,8,1,1,1,2,1490909708),(27,4,1,1,1,1,1490909709),(50,8,0,1,1,1,1490909713),(45,2,1,1,1,1,1490909713),(16,2,1,1,1,2,1490909714),(31,8,1,1,1,1,1490909714),(43,2,0,1,1,2,1490909714),(1,2,0,1,1,1,1490909717),(38,15,0,1,0,1,1490909718),(30,13,1,1,1,1,1490909720),(48,2,1,1,1,1,1490909722),(49,2,1,1,1,1,1490909725),(17,33,1,1,1,1,1490909726),(22,2,1,1,1,2,1490909727),(42,4,1,1,1,1,1490909728),(36,6,1,1,1,1,1490909729),(9,4,1,1,1,2,1490909730),(18,13,0,1,1,1,1490909732),(6,14,1,1,1,1,1490909734),(26,6,1,1,1,1,1490909734),(49,3,1,1,1,1,1490909735),(15,27,0,1,1,1,1490909741),(43,2,1,1,1,3,1490909742),(9,15,1,1,1,2,1490909742),(46,4,1,1,1,1,1490909743),(2,11,1,1,1,1,1490909743),(32,13,1,1,1,2,1490909744),(22,4,1,1,1,1,1490909744),(42,6,1,1,1,1,1490909747),(17,8,1,1,1,1,1490909747),(3,8,1,1,1,1,1490909747),(14,3,0,0,1,1,1490909748),(49,8,1,1,1,1,1490909748),(27,8,1,1,1,1,1490909749),(38,11,1,1,1,1,1490909751),(40,2,1,1,1,1,1490909751),(29,14,1,1,1,1,1490909752),(47,9,1,1,1,1,1490909753),(15,7,1,1,1,1,1490909755),(22,9,1,1,1,1,1490909758),(18,4,0,1,1,1,1490909758),(39,3,1,1,1,1,1490909758),(19,3,0,1,1,1,1490909759),(18,4,1,1,1,2,1490909761),(45,1,0,1,1,2,1490909762),(49,9,1,1,1,1,1490909764),(39,4,1,1,1,1,1490909765),(35,10,1,1,1,1,1490909768),(38,17,1,1,1,1,1490909769),(43,4,1,1,1,1,1490909770),(25,7,1,1,1,1,1490909772),(24,3,1,1,1,1,1490909773),(16,9,1,1,1,1,1490909773),(44,8,1,1,1,1,1490909773),(40,1,1,1,1,1,1490909774),(19,7,1,1,0,1,1490909774),(4,2,1,1,1,2,1490909776),(26,2,1,1,1,2,1490909776),(21,20,1,1,1,1,1490909777),(18,13,1,1,1,2,1490909780),(30,10,0,1,1,1,1490909780),(36,17,1,1,1,1,1490909781),(5,8,0,1,1,1,1490909782),(29,17,1,1,1,1,1490909782),(25,4,1,1,1,1,1490909782),(30,10,0,1,1,2,1490909782),(38,2,1,0,1,2,1490909783),(13,30,1,1,1,1,1490909784),(27,7,1,1,1,1,1490909789),(32,14,1,1,1,1,1490909790),(46,6,1,1,1,1,1490909791),(10,12,0,1,1,1,1490909793),(50,2,1,1,1,3,1490909793),(42,8,1,1,1,1,1490909795),(19,3,0,1,1,2,1490909795),(22,8,0,1,1,1,1490909795),(17,20,1,1,1,1,1490909796),(44,10,0,0,1,1,1490909796),(38,7,1,1,0,1,1490909799),(40,6,0,1,1,1,1490909800),(47,6,1,1,1,1,1490909801),(32,12,0,0,1,1,1490909801),(34,4,1,1,1,1,1490909807),(5,6,1,1,1,1,1490909808),(21,35,1,1,1,1,1490909811),(41,9,1,1,1,1,1490909811),(35,11,1,1,1,1,1490909813),(7,12,0,1,1,1,1490909815),(31,9,1,1,1,1,1490909817),(4,11,0,1,1,1,1490909820),(19,3,1,1,1,3,1490909820),(13,20,1,1,1,1,1490909820),(9,24,1,0,1,2,1490909821),(3,3,1,1,1,1,1490909822),(20,14,0,1,1,1,1490909823),(38,23,1,1,1,1,1490909829),(48,3,1,1,1,1,1490909829),(43,1,0,1,1,3,1490909830),(5,16,1,1,1,1,1490909831),(50,5,1,1,1,1,1490909831),(15,4,1,1,1,1,1490909832),(31,34,1,1,1,1,1490909834),(40,8,0,1,1,1,1490909834),(7,4,1,1,1,1,1490909835),(35,12,0,1,1,1,1490909835),(32,5,1,1,0,1,1490909836),(28,2,1,1,1,1,1490909836),(18,16,1,1,1,1,1490909837),(10,17,1,1,1,1,1490909839),(27,3,0,1,1,1,1490909841),(49,6,1,1,1,1,1490909842),(8,25,1,1,1,1,1490909843),(26,9,1,1,1,1,1490909844),(13,3,0,1,1,1,1490909846),(47,3,1,1,1,1,1490909847),(28,6,1,1,1,1,1490909848),(10,3,1,1,1,1,1490909849),(14,11,1,1,1,1,1490909850),(4,11,1,1,1,2,1490909852),(35,14,1,1,1,1,1490909852),(8,9,1,1,1,1,1490909853),(43,1,1,1,1,4,1490909854),(31,11,1,1,1,1,1490909855),(19,11,1,1,1,1,1490909856),(50,20,1,1,1,1,1490909857),(32,5,1,1,1,2,1490909857),(29,5,1,1,1,1,1490909858),(46,17,1,1,1,1,1490909863),(13,11,1,1,1,1,1490909863),(9,16,1,1,1,1,1490909864),(22,14,1,1,1,1,1490909864),(4,13,0,1,1,1,1490909865),(36,10,1,1,1,1,1490909868),(42,10,0,0,1,1,1490909870),(3,9,1,1,1,1,1490909873),(45,3,1,1,1,1,1490909874),(38,20,1,1,1,1,1490909876),(40,10,0,1,1,1,1490909876),(7,10,1,1,1,1,1490909876),(49,10,0,1,1,1,1490909877),(39,6,1,1,1,1,1490909878),(37,8,1,1,1,1,1490909880),(6,20,1,1,1,1,1490909880),(28,3,1,1,1,1,1490909880),(33,9,1,1,1,1,1490909881),(27,6,1,1,1,1,1490909883),(20,14,1,1,1,2,1490909884),(44,5,1,0,1,1,1490909885),(41,11,1,0,0,1,1490909885),(23,24,1,1,1,1,1490909888),(14,9,1,1,1,1,1490909891),(13,12,0,1,1,1,1490909891),(32,6,1,1,1,1,1490909891),(8,6,1,1,1,1,1490909893),(37,11,1,1,1,1,1490909894),(7,3,1,1,1,2,1490909894),(30,3,0,0,1,1,1490909896),(23,27,0,1,1,1,1490909898),(34,8,1,1,1,1,1490909899),(33,11,1,1,1,1,1490909899),(3,10,1,1,1,1,1490909899),(32,9,1,1,1,1,1490909903),(13,3,1,1,1,2,1490909903),(16,18,1,1,1,1,1490909906),(31,7,1,1,1,1,1490909909),(26,8,0,1,1,1,1490909910),(38,2,1,0,1,3,1490909911),(22,13,0,0,0,1,1490909911),(34,1,1,1,1,2,1490909912),(9,8,1,1,1,1,1490909913),(3,17,1,1,1,1,1490909915),(11,8,0,1,1,2,1490909916),(15,30,1,1,1,1,1490909917),(20,8,0,1,1,1,1490909918),(14,29,1,1,1,1,1490909918),(26,8,0,1,1,2,1490909918),(50,6,1,1,1,1,1490909919),(42,11,1,1,1,1,1490909920),(36,1,1,1,1,2,1490909921),(11,8,0,1,1,3,1490909922),(29,4,1,1,1,1,1490909923),(18,20,1,1,1,1,1490909923),(3,14,1,1,1,1,1490909923),(11,8,0,1,1,4,1490909924),(8,8,1,1,1,1,1490909924),(13,14,1,1,1,1,1490909926),(11,8,0,1,1,5,1490909928),(39,14,1,1,1,1,1490909929),(30,9,0,1,1,1,1490909929),(11,8,3,3,3,6,1490909930),(8,1,0,1,1,1,1490909932),(12,13,0,1,1,1,1490909933),(30,9,0,1,1,2,1490909933),(47,17,1,1,1,1,1490909933),(25,19,0,1,1,1,1490909935),(38,31,1,1,1,1,1490909937),(7,6,1,1,1,1,1490909938),(5,14,1,1,1,1,1490909938),(26,12,0,1,1,1,1490909938),(42,13,0,1,1,1,1490909939),(2,9,1,1,1,1,1490909940),(11,14,1,1,1,1,1490909941),(35,13,0,1,1,1,1490909943),(21,11,1,1,1,1,1490909945),(32,10,1,1,1,1,1490909946),(42,13,1,1,1,2,1490909946),(10,16,1,1,1,1,1490909947),(9,24,1,1,1,3,1490909947),(48,6,1,1,1,1,1490909947),(18,3,0,1,1,1,1490909947),(8,13,1,1,1,1,1490909948),(18,3,0,1,1,2,1490909950),(23,27,0,1,1,2,1490909951),(40,13,0,1,1,1,1490909953),(46,12,0,1,1,1,1490909953),(24,14,1,1,1,1,1490909960),(9,11,0,0,0,1,1490909963),(2,19,0,1,1,1,1490909964),(19,7,1,1,1,2,1490909964),(35,17,1,1,1,1,1490909965),(33,14,1,1,1,1,1490909966),(10,19,1,1,1,1,1490909966),(8,11,1,1,1,1,1490909970),(46,5,1,1,1,1,1490909972),(40,9,1,1,1,1,1490909973),(13,23,1,0,0,1,1490909973),(19,4,1,0,1,1,1490909975),(50,3,1,1,0,1,1490909976),(25,10,1,1,1,1,1490909977),(11,7,1,1,0,1,1490909977),(39,13,0,1,1,1,1490909979),(35,16,1,1,1,1,1490909979),(11,7,1,1,1,2,1490909980),(4,9,1,1,1,1,1490909980),(36,27,0,1,1,1,1490909980),(12,13,1,1,1,2,1490909981),(32,17,1,1,1,1,1490909981),(23,13,1,1,1,1,1490909982),(1,13,1,1,1,1,1490909983),(5,20,1,1,1,1,1490909983),(10,20,0,1,1,1,1490909985),(17,10,1,1,1,1,1490909986),(18,19,0,0,0,1,1490909987),(3,4,0,1,1,1,1490909988),(9,39,0,0,1,1,1490909988),(31,12,0,1,1,1,1490909988),(46,8,0,1,1,1,1490909988),(49,14,1,1,1,1,1490909989),(27,11,1,1,1,1,1490909990),(21,23,1,1,1,1,1490909990),(2,20,0,1,1,1,1490909990),(44,3,1,1,1,1,1490909992),(41,10,1,1,1,1,1490909992),(5,13,0,1,1,1,1490909993),(26,16,0,1,1,1,1490909994),(4,3,1,1,1,1,1490909994),(11,10,0,1,1,1,1490909995),(20,8,1,1,1,2,1490909995),(38,8,1,1,1,1,1490909996),(10,14,1,1,1,1,1490909996),(40,6,1,1,1,2,1490909996),(13,24,1,1,1,1,1490910000),(46,8,1,1,1,2,1490910000),(19,14,1,1,1,1,1490910001),(6,3,1,0,1,1,1490910001),(31,3,0,0,1,1,1490910002),(4,8,1,0,1,1,1490910004),(9,31,0,0,1,1,1490910006),(8,1,1,1,1,2,1490910009),(50,4,1,1,1,1,1490910009),(37,10,1,1,1,1,1490910009),(23,27,1,1,1,3,1490910010),(13,19,1,1,1,1,1490910010),(12,11,1,1,1,1,1490910011),(2,27,0,1,1,1,1490910014),(42,10,0,1,1,2,1490910015),(41,11,1,0,1,2,1490910015),(27,12,0,1,1,1,1490910016),(26,10,1,1,1,1,1490910020),(15,32,1,1,1,1,1490910023),(30,2,0,1,1,1,1490910023),(35,13,1,1,1,2,1490910024),(25,11,1,1,1,1,1490910025),(44,17,1,1,1,1,1490910026),(12,16,1,1,1,1,1490910026),(9,11,0,0,0,2,1490910026),(5,2,0,1,1,1,1490910029),(6,17,1,1,1,1,1490910030),(42,14,1,1,1,1,1490910031),(48,8,0,1,1,1,1490910031),(8,10,1,1,1,1,1490910032),(41,40,0,0,0,1,1490910033),(18,17,1,1,1,1,1490910034),(17,40,1,1,1,1,1490910037),(41,40,0,0,1,2,1490910039),(50,16,1,1,1,1,1490910040),(1,20,1,1,1,1,1490910042),(3,4,1,1,1,2,1490910043),(48,27,1,1,1,1,1490910043),(9,25,0,0,0,1,1490910044),(27,10,1,1,1,1,1490910045),(38,6,1,1,1,1,1490910046),(4,13,1,1,1,2,1490910047),(12,6,1,1,1,1,1490910048),(49,10,1,1,1,2,1490910053),(41,40,0,0,1,3,1490910053),(36,3,1,1,1,1,1490910053),(5,11,1,1,1,1,1490910054),(30,2,0,1,1,2,1490910055),(41,40,1,1,1,4,1490910055),(15,34,1,0,0,1,1490910056),(30,2,1,1,1,3,1490910056),(13,17,1,1,1,1,1490910057),(31,4,1,1,1,1,1490910057),(38,35,0,0,0,1,1490910059),(20,10,1,1,1,1,1490910061),(22,7,1,1,1,1,1490910061),(50,14,1,1,1,1,1490910062),(3,12,0,1,1,1,1490910064),(49,15,1,1,1,1,1490910066),(17,27,1,1,1,1,1490910069),(14,12,0,1,1,1,1490910069),(9,14,0,1,1,1,1490910069),(27,14,1,1,0,1,1490910072),(24,24,1,1,1,1,1490910072),(46,22,1,1,1,1,1490910072),(41,20,0,1,1,1,1490910074),(37,4,1,1,1,1,1490910074),(32,23,1,0,0,1,1490910081),(38,34,1,1,1,1,1490910082),(46,13,0,1,1,1,1490910082),(13,9,1,1,1,1,1490910082),(19,4,1,1,1,2,1490910082),(17,28,1,1,1,1,1490910086),(49,16,1,1,1,1,1490910086),(31,16,1,1,1,1,1490910087),(44,6,1,1,1,1,1490910087),(41,13,0,1,1,1,1490910088),(1,6,1,1,1,1,1490910088),(25,6,1,1,1,1,1490910091),(35,3,1,1,1,1,1490910091),(9,12,0,1,1,1,1490910091),(40,11,0,1,1,1,1490910093),(3,11,1,1,1,1,1490910094),(16,38,1,1,1,1,1490910094),(7,5,1,1,1,1,1490910094),(14,14,1,1,1,1,1490910095),(9,12,0,1,1,2,1490910096),(6,13,0,1,1,1,1490910096),(4,8,1,1,1,2,1490910097),(20,6,1,1,1,1,1490910097),(30,3,1,1,1,2,1490910097),(50,8,0,1,1,2,1490910098),(1,14,1,1,1,1,1490910099),(50,8,0,1,1,3,1490910101),(18,15,0,1,0,1,1490910101),(7,14,1,1,1,1,1490910103),(42,7,1,1,1,1,1490910103),(50,8,0,1,1,4,1490910103),(11,30,1,1,1,1,1490910104),(44,9,1,1,1,1,1490910104),(50,8,0,1,1,5,1490910105),(31,14,1,1,1,1,1490910105),(16,32,1,1,1,1,1490910107),(23,17,1,1,1,1,1490910108),(50,8,3,3,3,6,1490910108),(32,4,1,1,1,1,1490910108),(41,17,1,1,1,1,1490910112),(27,13,0,1,1,1,1490910112),(32,11,1,1,1,1,1490910114),(6,13,0,1,1,2,1490910115),(36,27,1,1,1,2,1490910115),(5,2,0,1,1,2,1490910117),(28,8,0,1,1,1,1490910120),(26,15,0,1,1,1,1490910121),(5,2,1,1,1,3,1490910122),(34,16,1,1,1,1,1490910125),(37,14,1,1,1,1,1490910127),(31,13,0,1,0,1,1490910128),(47,8,0,1,1,1,1490910128),(28,8,0,1,1,2,1490910129),(16,31,1,1,1,1,1490910129),(24,5,0,0,1,1,1490910132),(26,8,1,1,1,3,1490910132),(45,1,1,1,1,3,1490910136),(17,32,1,1,1,1,1490910136),(18,10,1,1,1,1,1490910138),(21,17,1,1,1,1,1490910139),(9,35,1,1,1,1,1490910141),(42,16,1,1,1,1,1490910142),(23,38,1,1,1,1,1490910146),(15,3,1,1,1,1,1490910147),(10,9,1,1,1,1,1490910147),(13,32,1,1,1,1,1490910148),(25,32,1,1,1,1,1490910149),(8,15,0,1,0,1,1490910151),(44,19,0,0,0,1,1490910153),(6,13,1,1,1,3,1490910153),(36,15,1,1,1,1,1490910154),(27,13,0,1,1,2,1490910155),(47,23,0,1,1,1,1490910156),(41,12,0,1,1,1,1490910157),(23,40,1,1,1,1,1490910157),(9,12,0,1,1,3,1490910158),(10,29,1,1,1,1,1490910158),(20,33,1,1,1,1,1490910159),(38,28,1,1,1,1,1490910160),(12,14,1,1,1,1,1490910161),(1,7,1,1,0,1,1490910161),(50,3,1,1,1,2,1490910161),(9,12,1,1,1,4,1490910163),(16,27,0,1,1,1,1490910166),(28,8,0,1,1,3,1490910166),(10,22,1,1,1,1,1490910168),(40,11,1,1,1,2,1490910168),(14,17,1,1,1,1,1490910170),(27,13,1,1,1,3,1490910171),(44,10,1,1,1,2,1490910173),(23,28,1,1,1,1,1490910176),(9,14,1,1,1,2,1490910177),(8,34,1,1,1,1,1490910177),(13,34,1,1,1,1,1490910178),(15,6,1,1,1,1,1490910179),(11,11,1,1,1,1,1490910179),(30,29,1,1,1,1,1490910180),(49,18,1,1,1,1,1490910180),(14,33,0,1,1,1,1490910182),(34,20,1,1,1,1,1490910184),(7,24,1,1,1,1,1490910184),(23,35,1,1,1,1,1490910185),(43,5,1,1,1,1,1490910188),(44,4,1,1,1,1,1490910188),(5,28,1,1,1,1,1490910189),(15,34,1,1,1,2,1490910190),(48,5,1,1,1,1,1490910190),(36,13,0,1,1,1,1490910191),(40,14,1,1,1,1,1490910193),(1,32,0,1,1,1,1490910193),(31,13,1,1,1,2,1490910193),(30,14,1,1,1,1,1490910194),(35,27,1,1,1,1,1490910194),(8,15,1,1,0,2,1490910195),(3,19,1,1,1,1,1490910197),(45,13,0,1,1,1,1490910200),(17,29,0,1,1,1,1490910200),(34,24,1,1,1,1,1490910201),(41,39,0,0,0,1,1490910205),(7,17,1,1,1,1,1490910205),(48,11,1,1,1,1,1490910206),(41,39,0,0,0,2,1490910207),(18,7,0,0,1,1,1490910208),(39,15,1,1,1,1,1490910209),(41,39,0,1,0,3,1490910210),(43,27,0,1,1,1,1490910210),(27,20,0,1,1,1,1490910212),(41,39,1,1,0,4,1490910213),(49,23,0,0,0,1,1490910213),(41,39,1,1,1,5,1490910215),(8,15,1,1,1,3,1490910216),(4,20,1,1,1,1,1490910216),(35,23,1,1,1,1,1490910219),(9,33,0,1,1,1,1490910220),(41,3,0,0,1,1,1490910224),(2,20,1,1,1,2,1490910225),(42,23,1,1,1,1,1490910228),(13,12,0,1,1,2,1490910228),(45,11,1,1,1,1,1490910230),(47,11,1,1,1,1,1490910231),(33,6,1,1,1,1,1490910231),(43,8,0,1,1,1,1490910231),(28,33,1,1,1,1,1490910233),(25,17,1,1,1,1,1490910233),(24,2,0,0,1,1,1490910235),(50,10,1,1,1,1,1490910236),(40,13,0,1,1,2,1490910237),(22,19,1,1,1,1,1490910238),(43,8,0,1,1,2,1490910238),(38,29,1,1,1,1,1490910238),(41,38,0,0,0,1,1490910239),(19,27,0,1,1,1,1490910241),(33,17,0,1,1,1,1490910242),(1,34,1,0,0,1,1490910242),(41,38,0,0,1,2,1490910245),(16,13,0,1,1,1,1490910245),(31,3,1,1,1,2,1490910247),(9,39,1,1,1,2,1490910247),(41,38,0,0,1,3,1490910247),(20,29,1,1,1,1,1490910248),(24,2,0,1,1,2,1490910249),(41,38,1,0,1,4,1490910250),(23,33,1,1,1,1,1490910251),(49,24,1,1,1,1,1490910251),(26,39,1,1,1,1,1490910251),(41,38,1,1,1,5,1490910251),(43,8,0,1,1,3,1490910252),(17,3,1,1,1,1,1490910253),(32,35,1,1,1,1,1490910254),(43,8,0,1,1,4,1490910255),(10,32,1,1,1,1,1490910255),(11,9,1,1,1,1,1490910256),(46,31,1,1,1,1,1490910256),(50,17,1,1,1,1,1490910258),(47,15,1,1,1,1,1490910261),(21,10,1,1,1,1,1490910262),(39,13,1,1,1,2,1490910263),(36,29,0,1,1,1,1490910266),(9,34,1,1,1,1,1490910268),(41,37,0,0,1,1,1490910270),(24,2,1,1,1,3,1490910270),(41,37,0,0,1,2,1490910272),(16,13,1,1,1,2,1490910272),(36,29,0,1,1,2,1490910273),(15,36,1,1,0,1,1490910273),(41,37,0,0,1,3,1490910274),(36,29,0,1,1,3,1490910274),(23,31,0,0,1,1,1490910274),(13,29,1,1,1,1,1490910275),(41,37,1,0,1,4,1490910275),(36,29,0,1,1,4,1490910276),(41,37,1,1,1,5,1490910277),(1,2,1,1,1,2,1490910277),(34,18,1,1,1,1,1490910277),(36,29,0,1,1,5,1490910278),(36,29,3,3,3,6,1490910279),(32,28,1,1,1,1,1490910280),(3,13,1,1,1,1,1490910280),(41,36,0,0,0,1,1490910281),(26,20,0,1,1,1,1490910281),(21,22,1,1,1,1,1490910282),(43,8,1,1,0,5,1490910282),(41,36,1,1,0,2,1490910283),(38,16,1,0,0,1,1490910284),(43,8,3,3,3,6,1490910284),(41,36,1,1,0,3,1490910284),(26,20,0,1,1,2,1490910284),(8,32,1,1,1,1,1490910284),(41,36,1,1,1,4,1490910285),(13,40,1,1,1,1,1490910286),(50,11,1,1,1,1,1490910286),(26,20,0,1,1,3,1490910287),(26,20,0,1,1,4,1490910289),(32,23,1,1,1,2,1490910289),(40,13,1,1,1,3,1490910290),(7,15,1,1,1,1,1490910291),(21,8,1,1,1,1,1490910291),(17,29,1,1,1,2,1490910291),(49,17,1,1,1,1,1490910291),(26,20,0,1,1,5,1490910291),(48,10,1,1,1,1,1490910292),(41,35,0,0,0,1,1490910292),(1,39,1,1,1,1,1490910293),(26,20,3,3,3,6,1490910294),(25,14,1,1,1,1,1490910295),(41,35,1,0,0,2,1490910295),(41,35,1,0,0,3,1490910297),(13,39,0,0,1,1,1490910297),(15,8,1,1,1,1,1490910298),(41,35,1,0,0,4,1490910298),(41,35,1,1,1,5,1490910300),(4,12,0,1,1,1,1490910302),(29,33,1,1,1,1,1490910303),(35,12,0,1,1,2,1490910304),(41,34,0,0,0,1,1490910304),(16,3,0,0,1,1,1490910305),(46,39,1,1,1,1,1490910307),(41,34,0,0,1,2,1490910307),(38,36,1,0,0,1,1490910307),(31,15,1,1,1,1,1490910308),(40,17,1,1,1,1,1490910308),(41,34,0,1,1,3,1490910308),(34,10,1,1,1,1,1490910309),(41,34,0,1,1,4,1490910311),(17,31,0,0,1,1,1490910312),(41,34,1,1,1,5,1490910312),(36,13,1,1,1,2,1490910313),(7,8,1,1,1,1,1490910313),(3,21,1,1,1,1,1490910315),(14,34,1,1,1,1,1490910318),(49,20,1,1,1,1,1490910319),(25,24,1,1,1,1,1490910319),(41,33,1,0,0,1,1490910320),(30,30,0,1,1,1,1490910320),(41,33,1,0,0,2,1490910322),(41,33,1,0,0,3,1490910323),(46,40,1,1,1,1,1490910323),(6,40,1,1,1,1,1490910324),(41,33,1,1,0,4,1490910324),(30,30,0,1,1,2,1490910325),(3,24,1,1,1,1,1490910325),(41,33,1,1,1,5,1490910326),(1,40,1,1,1,1,1490910327),(30,30,1,1,1,3,1490910327),(4,16,1,1,1,1,1490910327),(17,34,1,1,1,1,1490910329),(28,34,0,1,1,1,1490910329),(50,27,0,1,1,1,1490910330),(14,33,1,1,1,2,1490910332),(13,12,1,1,1,3,1490910332),(33,8,1,1,1,1,1490910333),(9,37,1,1,1,1,1490910335),(21,13,0,1,1,1,1490910336),(41,14,1,1,1,1,1490910336),(23,29,1,1,1,1,1490910337),(7,11,1,1,1,1,1490910337),(35,35,1,1,1,1,1490910338),(28,34,1,1,1,2,1490910338),(4,21,0,1,1,1,1490910342),(13,37,1,1,1,1,1490910342),(19,20,0,1,1,1,1490910343),(20,31,1,1,1,1,1490910344),(33,17,1,1,1,2,1490910345),(50,25,1,1,1,1,1490910346),(41,3,1,1,1,2,1490910347),(22,33,1,1,1,1,1490910348),(43,14,1,1,1,1,1490910348),(32,40,1,1,1,1,1490910350),(9,29,0,1,1,1,1490910350),(14,28,1,1,0,1,1490910351),(41,32,1,0,0,1,1490910353),(5,29,1,1,1,1,1490910354),(39,17,1,1,1,1,1490910354),(30,9,1,1,1,3,1490910355),(42,20,1,1,1,1,1490910355),(49,12,0,1,1,1,1490910355),(41,32,1,0,0,2,1490910355),(38,16,1,0,1,2,1490910356),(29,3,0,1,1,2,1490910356),(47,19,1,1,1,1,1490910357),(41,32,1,0,0,3,1490910359),(41,32,1,0,1,4,1490910360),(41,32,1,1,1,5,1490910361),(48,17,1,1,1,1,1490910361),(50,32,1,1,1,1,1490910362),(17,23,0,1,1,1,1490910363),(31,17,1,1,1,1,1490910364),(16,6,1,1,1,1,1490910364),(24,17,1,1,1,1,1490910364),(42,17,1,1,1,1,1490910365),(29,10,0,1,1,1,1490910368),(2,30,1,1,1,1,1490910368),(23,26,1,1,1,1,1490910370),(9,31,1,1,1,2,1490910370),(30,33,0,1,1,1,1490910371),(25,40,1,1,1,1,1490910371),(1,32,1,1,1,2,1490910371),(20,34,1,1,1,1,1490910372),(30,33,0,1,1,2,1490910372),(49,13,0,1,1,1,1490910372),(15,39,1,1,1,1,1490910373),(34,3,1,1,1,1,1490910373),(14,40,1,1,1,1,1490910373),(30,33,0,1,1,3,1490910374),(36,24,1,1,1,1,1490910375),(42,19,1,1,1,1,1490910376),(30,33,0,1,1,4,1490910376),(45,39,1,1,1,1,1490910378),(30,33,1,1,1,5,1490910378),(37,18,1,1,1,1,1490910378),(41,24,1,1,1,1,1490910380),(2,13,0,1,1,1,1490910382),(16,39,1,1,1,1,1490910382),(20,40,1,1,1,1,1490910382),(29,16,0,1,1,1,1490910383),(1,22,1,1,1,1,1490910383),(21,16,1,1,1,1,1490910384),(8,40,1,1,1,1,1490910384),(38,35,0,0,1,2,1490910385),(9,29,0,1,1,2,1490910388),(27,21,1,1,1,1,1490910388),(40,12,0,1,1,1,1490910388),(45,17,1,1,1,1,1490910389),(6,39,1,1,1,1,1490910390),(30,40,1,1,1,1,1490910390),(15,10,0,0,1,1,1490910390),(36,34,1,1,1,1,1490910391),(22,24,1,1,1,1,1490910391),(25,8,0,1,1,1,1490910392),(2,13,1,1,1,2,1490910393),(4,21,1,1,1,2,1490910393),(14,19,0,1,1,1,1490910394),(29,31,0,0,1,1,1490910396),(43,9,0,1,1,1,1490910396),(13,35,1,1,1,1,1490910397),(37,32,1,1,1,1,1490910398),(26,13,0,1,1,1,1490910398),(38,40,1,1,1,1,1490910399),(50,1,1,1,1,2,1490910400),(16,40,1,1,1,1,1490910401),(26,13,1,1,1,2,1490910401),(48,38,1,1,1,1,1490910401),(18,31,1,1,1,1,1490910402),(41,31,0,0,0,1,1490910405),(15,13,0,1,1,1,1490910405),(46,34,1,1,1,1,1490910405),(2,8,1,1,1,1,1490910406),(11,12,0,1,1,1,1490910407),(41,31,0,0,0,2,1490910407),(49,27,1,1,1,1,1490910408),(40,40,1,1,1,1,1490910408),(15,13,1,1,1,2,1490910408),(45,24,1,1,1,1,1490910409),(41,31,0,0,0,3,1490910410),(37,7,1,1,0,1,1490910410),(32,22,1,1,1,1,1490910412),(41,31,0,0,0,4,1490910412),(5,34,1,1,1,1,1490910413),(12,34,1,1,1,1,1490910413),(38,39,1,1,1,1,1490910413),(3,22,1,1,1,1,1490910414),(41,31,0,0,1,5,1490910415),(9,40,1,1,1,1,1490910415),(49,13,1,1,1,2,1490910416),(23,18,1,1,1,1,1490910417),(41,31,3,3,3,6,1490910418),(29,11,1,1,1,1,1490910418),(32,34,1,1,1,1,1490910419),(31,20,1,1,1,1,1490910419),(11,12,0,1,1,2,1490910421),(18,28,1,1,1,1,1490910422),(11,12,0,1,1,3,1490910423),(13,39,1,1,1,2,1490910423),(14,36,1,1,1,1,1490910424),(10,39,1,1,1,1,1490910425),(41,30,0,0,0,1,1490910425),(11,12,0,1,1,4,1490910425),(40,34,1,1,1,1,1490910425),(12,32,1,1,1,1,1490910428),(41,30,0,0,0,2,1490910428),(11,12,1,1,1,5,1490910428),(31,22,1,1,1,1,1490910429),(7,18,0,0,1,1,1490910429),(30,10,0,1,1,3,1490910430),(32,31,1,1,1,1,1490910430),(29,9,1,1,1,1,1490910430),(22,12,0,1,1,1,1490910430),(30,10,1,1,1,4,1490910431),(38,16,1,1,1,3,1490910433),(16,10,1,1,1,1,1490910433),(9,29,1,1,1,3,1490910433),(10,38,1,1,1,1,1490910435),(41,30,0,0,1,3,1490910436),(26,32,1,1,1,1,1490910437),(41,30,1,1,1,4,1490910438),(34,19,1,1,1,1,1490910439),(40,37,1,1,1,1,1490910440),(50,18,1,1,1,1,1490910442),(13,28,1,1,1,1,1490910442),(43,3,1,0,1,1,1490910443),(2,39,1,1,1,1,1490910445),(29,27,0,1,1,1,1490910446),(19,28,1,1,1,1,1490910447),(35,21,1,1,1,1,1490910447),(41,29,0,0,0,1,1490910448),(10,34,1,1,1,1,1490910450),(23,16,1,1,1,1,1490910452),(26,12,0,1,1,2,1490910452),(8,31,0,1,1,1,1490910453),(50,7,1,1,1,1,1490910454),(2,40,1,1,1,1,1490910454),(42,18,1,1,1,1,1490910454),(46,16,1,1,1,1,1490910455),(5,9,1,1,1,1,1490910456),(25,8,0,1,1,2,1490910457),(30,4,1,1,1,1,1490910458),(35,40,1,1,1,1,1490910458),(19,39,1,1,1,1,1490910459),(29,19,0,1,1,1,1490910460),(22,35,1,1,1,1,1490910460),(10,37,1,1,1,1,1490910462),(16,34,1,1,1,1,1490910463),(50,13,0,1,1,1,1490910464),(29,19,0,1,1,2,1490910464),(18,32,1,1,1,1,1490910464),(12,27,1,1,1,1,1490910465),(29,19,0,1,1,3,1490910466),(29,19,1,1,1,4,1490910469),(21,33,1,1,1,1,1490910470),(7,16,1,1,1,1,1490910470),(10,4,1,1,1,1,1490910471),(2,34,1,1,1,1,1490910472),(36,32,1,1,1,1,1490910472),(9,27,0,1,1,1,1490910472),(42,15,1,1,1,1,1490910473),(43,38,0,1,1,1,1490910473),(17,39,1,1,1,1,1490910474),(37,12,0,0,0,1,1490910475),(28,8,1,1,1,4,1490910477),(39,33,1,1,1,1,1490910478),(44,28,0,1,0,1,1490910479),(3,12,1,1,1,2,1490910480),(48,9,1,1,1,1,1490910481),(33,16,1,1,1,1,1490910483),(2,21,1,1,1,1,1490910484),(6,19,0,0,1,1,1490910484),(14,16,1,1,1,1,1490910485),(31,24,1,1,1,1,1490910486),(38,1,0,1,1,1,1490910487),(22,27,0,1,1,1,1490910487),(24,27,0,1,1,1,1490910488),(29,12,0,1,1,1,1490910491),(33,13,1,1,1,1,1490910491),(11,4,1,1,1,1,1490910492),(29,12,0,1,1,2,1490910493),(49,19,0,1,1,1,1490910493),(2,16,1,1,1,1,1490910494),(25,29,1,1,1,1,1490910494),(29,12,0,1,1,3,1490910494),(19,40,1,1,1,1,1490910494),(1,27,0,1,1,1,1490910495),(40,27,0,1,1,1,1490910496),(29,12,1,1,1,4,1490910496),(38,1,1,1,1,2,1490910498),(4,12,0,1,1,2,1490910498),(43,20,0,1,1,1,1490910498),(5,13,0,1,1,2,1490910501),(8,30,1,1,1,1,1490910505),(19,32,1,1,1,1,1490910506),(29,20,0,1,1,1,1490910507),(26,37,1,1,1,1,1490910508),(45,20,1,1,1,1,1490910509),(29,20,1,1,1,2,1490910509),(2,35,1,1,1,1,1490910510),(38,33,1,1,1,1,1490910511),(5,13,1,1,1,3,1490910511),(27,32,1,1,1,1,1490910513),(13,10,0,1,1,1,1490910513),(34,27,0,1,1,1,1490910514),(21,6,0,1,1,1,1490910516),(23,22,1,1,1,1,1490910517),(18,35,1,1,1,1,1490910518),(24,32,1,1,1,1,1490910519),(28,31,1,1,1,1,1490910519),(9,27,0,1,1,2,1490910520),(14,39,1,1,1,1,1490910521),(9,27,0,1,1,3,1490910522),(41,11,1,1,1,3,1490910524),(21,6,1,1,1,2,1490910524),(9,27,0,1,1,4,1490910524),(15,11,0,0,0,1,1490910525),(1,38,0,0,0,1,1490910525),(31,12,0,1,1,2,1490910526),(9,27,1,1,1,5,1490910527),(2,10,1,1,1,1,1490910527),(50,28,1,1,0,1,1490910527),(48,14,1,1,1,1,1490910528),(6,7,0,0,1,1,1490910528),(29,15,1,1,1,1,1490910532),(46,32,1,1,1,1,1490910534),(23,30,1,1,1,1,1490910534),(24,9,1,1,1,1,1490910535),(14,5,1,1,1,1,1490910536),(11,17,1,1,1,1,1490910538),(13,8,1,1,1,1,1490910538),(41,25,1,1,1,1,1490910538),(38,15,1,1,1,2,1490910539),(48,19,1,1,1,1,1490910539),(40,39,1,1,1,1,1490910540),(19,36,0,1,0,1,1490910540),(2,15,0,1,1,1,1490910540),(42,10,1,1,1,3,1490910541),(21,26,0,0,0,1,1490910541),(37,22,1,1,1,1,1490910541),(31,23,1,1,1,1,1490910543),(30,23,1,1,1,1,1490910546),(10,21,1,1,1,1,1490910546),(24,34,1,1,1,1,1490910546),(15,25,1,1,1,1,1490910547),(49,32,1,1,1,1,1490910547),(5,39,1,1,1,1,1490910548),(17,35,1,1,1,1,1490910551),(6,23,1,1,1,1,1490910552),(2,23,1,1,1,1,1490910554),(22,23,1,1,1,1,1490910555),(29,13,0,0,1,1,1490910556),(24,15,0,1,1,1,1490910557),(42,24,1,1,1,1,1490910557),(36,18,0,1,1,1,1490910558),(39,12,0,1,1,1,1490910560),(48,12,0,1,1,1,1490910560),(10,28,1,1,0,1,1490910560),(21,27,0,1,1,1,1490910561),(3,20,0,1,1,1,1490910561),(40,31,1,1,1,1,1490910561),(45,13,0,1,1,2,1490910563),(4,34,1,1,1,1,1490910563),(2,17,1,1,1,1,1490910564),(3,20,0,1,1,2,1490910565),(20,35,1,1,1,1,1490910565),(18,34,1,1,1,1,1490910567),(33,10,1,1,1,1,1490910567),(32,25,1,1,1,1,1490910568),(42,26,1,0,1,1,1490910569),(3,20,0,1,1,3,1490910569),(30,39,1,1,1,1,1490910569),(3,20,0,1,1,4,1490910571),(29,22,1,1,1,1,1490910572),(5,17,1,1,1,1,1490910572),(12,30,1,1,1,1,1490910573),(3,20,0,1,1,5,1490910573),(3,20,3,3,3,6,1490910574),(38,22,0,1,0,1,1490910574),(14,10,0,1,1,1,1490910575),(43,16,0,1,1,1,1490910576),(14,10,0,1,1,2,1490910577),(19,27,0,1,1,2,1490910578),(21,4,0,1,1,1,1490910578),(11,36,1,1,0,1,1490910579),(10,27,0,1,1,1,1490910580),(19,27,0,1,1,3,1490910582),(11,36,1,1,1,2,1490910582),(13,33,1,1,1,1,1490910583),(4,32,1,1,1,1,1490910585),(22,39,1,1,1,1,1490910588),(26,14,1,1,1,1,1490910589),(47,2,0,1,1,1,1490910589),(11,15,1,1,0,1,1490910591),(11,15,1,1,0,2,1490910593),(11,15,1,1,0,3,1490910595),(36,2,0,1,1,1,1490910595),(44,21,1,1,1,1,1490910595),(29,34,1,1,1,1,1490910596),(11,15,1,1,1,4,1490910596),(27,35,1,1,1,1,1490910598),(22,40,1,1,1,1,1490910598),(9,3,1,1,1,1,1490910598),(17,16,1,1,1,1,1490910599),(37,36,1,1,0,1,1490910599),(23,20,0,1,1,1,1490910600),(23,20,0,1,1,2,1490910600),(23,20,1,1,1,3,1490910601),(47,2,1,1,1,2,1490910602),(50,28,1,1,0,2,1490910602),(4,17,1,1,1,1,1490910602),(19,34,1,1,1,1,1490910604),(36,2,1,1,1,2,1490910604),(40,28,1,1,1,1,1490910605),(26,25,1,1,1,1,1490910605),(44,13,0,0,0,1,1490910608),(48,30,1,1,1,1,1490910609),(38,13,0,0,1,1,1490910610),(5,30,0,1,1,1,1490910611),(47,29,1,1,1,1,1490910611),(5,30,1,1,1,2,1490910613),(35,39,1,1,1,1,1490910613),(19,37,1,1,1,1,1490910614),(6,32,1,1,1,1,1490910615),(34,36,0,1,0,1,1490910616),(25,34,1,1,1,1,1490910617),(29,40,1,1,1,1,1490910618),(12,39,1,1,1,1,1490910618),(16,3,1,1,1,2,1490910621),(40,23,0,1,1,1,1490910622),(18,25,1,1,1,1,1490910623),(13,31,0,0,1,2,1490910624),(38,37,1,1,1,1,1490910626),(40,23,0,1,1,2,1490910626),(46,29,1,1,1,1,1490910628),(40,23,0,1,1,3,1490910628),(15,37,1,1,1,1,1490910629),(27,27,0,1,1,1,1490910630),(12,40,1,1,1,1,1490910631),(40,23,1,1,1,4,1490910631),(50,29,0,1,1,1,1490910632),(23,9,1,1,1,1,1490910632),(3,32,0,1,1,1,1490910635),(31,18,1,1,1,1,1490910635),(8,28,0,1,1,1,1490910635),(13,15,0,1,1,1,1490910635),(35,34,1,1,1,1,1490910636),(21,27,0,1,1,2,1490910636),(5,33,1,1,1,1,1490910637),(20,3,1,1,1,1,1490910637),(9,26,1,0,1,1,1490910638),(38,7,1,1,1,2,1490910638),(29,8,0,1,1,1,1490910639),(26,3,0,1,1,1,1490910639),(18,40,1,1,1,1,1490910639),(29,8,0,1,1,2,1490910641),(15,29,1,1,1,1,1490910641),(48,24,1,1,1,1,1490910643),(29,8,1,1,1,3,1490910643),(49,37,1,1,1,1,1490910644),(3,18,1,1,1,1,1490910644),(6,19,0,1,1,2,1490910644),(10,28,1,1,0,2,1490910644),(39,31,1,1,1,1,1490910645),(9,26,1,0,1,2,1490910645),(32,27,0,1,1,1,1490910645),(50,27,1,1,1,2,1490910646),(13,6,1,1,1,1,1490910646),(10,28,1,1,0,3,1490910646),(34,40,1,1,1,1,1490910646),(27,29,1,1,1,1,1490910646),(41,18,1,1,1,1,1490910648),(10,28,1,1,1,4,1490910650),(36,31,0,0,1,1,1490910653),(40,33,1,1,1,1,1490910653),(13,38,1,1,1,1,1490910654),(16,22,1,1,1,1,1490910656),(21,19,0,0,1,1,1490910657),(8,39,1,1,1,1,1490910659),(18,5,0,0,1,1,1490910661),(26,24,0,1,1,1,1490910661),(38,22,1,1,1,2,1490910661),(41,15,1,1,1,1,1490910662),(42,29,1,1,1,1,1490910662),(40,19,0,1,1,1,1490910664),(18,5,1,1,1,2,1490910665),(40,19,0,1,1,2,1490910667),(29,10,0,1,1,2,1490910667),(40,19,0,1,1,3,1490910668),(50,35,1,1,1,1,1490910669),(29,10,0,1,1,3,1490910669),(40,19,0,1,1,4,1490910670),(29,10,0,1,1,4,1490910670),(42,27,0,1,1,1,1490910671),(40,19,0,1,1,5,1490910671),(7,23,1,1,1,1,1490910672),(29,10,0,1,1,5,1490910672),(36,11,1,1,1,1,1490910672),(40,19,3,3,3,6,1490910672),(29,10,3,3,3,6,1490910674),(3,28,1,1,1,1,1490910675),(33,32,1,1,1,1,1490910677),(32,21,1,1,1,1,1490910677),(25,22,1,1,1,1,1490910678),(28,27,0,1,1,1,1490910678),(11,32,1,1,1,1,1490910678),(27,34,1,1,1,1,1490910679),(14,31,0,0,1,1,1490910679),(5,36,1,1,1,1,1490910681),(13,15,1,1,1,2,1490910681),(6,33,1,1,1,1,1490910681),(49,25,1,1,1,1,1490910681),(2,5,1,1,1,1,1490910682),(44,11,1,1,1,1,1490910682),(4,33,0,1,1,1,1490910685),(40,24,1,1,1,1,1490910685),(24,27,0,1,1,2,1490910686),(17,11,0,1,1,1,1490910688),(33,35,1,1,1,1,1490910689),(31,31,1,1,1,1,1490910689),(49,28,1,1,0,1,1490910691),(3,34,1,1,1,1,1490910692),(11,38,0,1,1,1,1490910692),(39,19,0,0,1,1,1490910693),(40,35,0,1,1,1,1490910693),(32,20,1,1,1,1,1490910693),(11,38,0,1,1,2,1490910694),(40,35,0,1,1,2,1490910695),(9,19,1,1,1,1,1490910696),(40,35,0,1,1,3,1490910696),(42,39,1,1,1,1,1490910696),(45,16,1,1,1,1,1490910696),(11,38,1,1,1,3,1490910696),(41,21,1,1,1,1,1490910697),(40,35,0,1,1,4,1490910697),(6,35,0,1,1,1,1490910698),(40,35,1,1,1,5,1490910699),(16,14,1,1,1,1,1490910700),(43,39,1,1,1,1,1490910700),(47,22,1,1,1,1,1490910701),(23,37,1,1,1,1,1490910702),(2,18,0,0,1,1,1490910703),(4,28,1,1,1,1,1490910704),(17,11,1,1,1,2,1490910704),(33,23,1,1,1,1,1490910704),(28,27,0,1,1,2,1490910705),(32,15,0,1,1,1,1490910706),(31,33,1,1,1,1,1490910707),(11,10,1,1,1,2,1490910709),(7,20,1,1,1,1,1490910709),(23,10,0,1,1,1,1490910709),(39,40,1,1,1,1,1490910709),(13,10,0,1,1,2,1490910710),(23,10,1,1,1,2,1490910710),(16,28,1,1,0,1,1490910713),(40,27,0,1,1,2,1490910713),(14,28,1,1,1,2,1490910713),(13,10,0,1,1,3,1490910714),(40,27,0,1,1,3,1490910714),(8,28,1,1,0,2,1490910715),(18,3,1,1,1,3,1490910716),(50,36,1,1,1,1,1490910716),(40,27,1,1,1,4,1490910716),(42,28,1,1,1,1,1490910717),(33,34,1,1,1,1,1490910717),(6,16,1,1,1,1,1490910717),(23,39,1,1,1,1,1490910718),(31,29,1,1,1,1,1490910720),(27,39,1,1,1,1,1490910720),(9,33,0,1,1,2,1490910720),(21,12,0,1,1,1,1490910721),(11,5,1,1,1,3,1490910721),(9,33,0,1,1,3,1490910722),(9,33,0,1,1,4,1490910724),(28,27,1,1,1,3,1490910725),(42,34,1,1,1,1,1490910725),(9,33,1,1,1,5,1490910726),(40,22,0,0,1,1,1490910726),(14,21,0,0,1,1,1490910727),(18,24,1,1,1,1,1490910727),(14,21,0,0,1,2,1490910727),(26,38,0,1,1,1,1490910728),(23,25,0,0,1,1,1490910728),(40,22,0,1,1,2,1490910729),(46,18,1,1,1,1,1490910729),(2,25,1,1,1,1,1490910729),(23,25,1,0,1,2,1490910730),(40,22,0,1,1,3,1490910730),(15,31,1,1,1,1,1490910730),(23,25,1,0,1,3,1490910731),(32,1,0,1,1,3,1490910731),(40,22,0,1,1,4,1490910732),(23,25,1,0,1,4,1490910732),(33,40,1,1,1,1,1490910732),(40,22,1,1,1,5,1490910733),(23,25,1,0,1,5,1490910733),(23,25,3,3,3,6,1490910734),(11,34,1,1,1,1,1490910734),(35,32,1,1,1,1,1490910737),(19,20,1,1,1,2,1490910737),(30,37,1,1,1,1,1490910737),(32,1,1,1,1,4,1490910737),(29,18,0,0,1,1,1490910738),(10,35,1,1,1,1,1490910738),(45,13,0,1,1,3,1490910738),(2,24,1,1,1,1,1490910738),(46,11,1,1,1,1,1490910738),(6,31,1,1,1,1,1490910739),(42,32,1,1,1,1,1490910739),(12,38,0,0,0,1,1490910739),(26,3,1,1,1,2,1490910739),(9,23,1,1,1,1,1490910740),(11,24,0,1,1,1,1490910741),(22,29,0,1,1,1,1490910742),(34,36,1,1,1,2,1490910742),(23,8,0,1,1,1,1490910742),(23,8,1,1,1,2,1490910743),(13,18,0,1,1,1,1490910743),(40,32,0,1,1,1,1490910744),(22,29,1,1,1,2,1490910744),(41,16,0,1,1,1,1490910745),(14,7,1,1,0,1,1490910745),(11,24,0,1,1,2,1490910745),(40,32,0,1,1,2,1490910745),(14,7,1,1,0,2,1490910745),(21,37,1,1,1,1,1490910745),(18,27,0,1,1,1,1490910746),(40,32,0,1,1,3,1490910746),(11,24,0,1,1,3,1490910747),(2,32,1,1,1,1,1490910748),(40,32,0,1,1,4,1490910748),(16,28,1,1,1,2,1490910748),(18,27,0,1,1,2,1490910749),(39,10,1,1,1,1,1490910749),(11,24,0,1,1,4,1490910749),(40,32,1,1,1,5,1490910750),(6,37,1,1,1,1,1490910750),(26,12,1,1,1,3,1490910750),(18,27,0,1,1,3,1490910750),(8,28,1,1,1,3,1490910751),(11,24,1,1,1,5,1490910751),(18,27,0,1,1,4,1490910752),(37,39,1,1,1,1,1490910753),(1,28,1,1,0,1,1490910753),(9,26,1,0,1,3,1490910753),(18,27,1,1,1,5,1490910754),(9,26,1,1,1,4,1490910754),(23,31,0,1,1,2,1490910755),(4,37,1,1,1,1,1490910755),(23,31,0,1,1,3,1490910756),(43,31,0,1,1,1,1490910756),(48,33,0,1,1,1,1490910756),(23,31,0,1,1,4,1490910757),(38,13,0,1,1,2,1490910758),(40,21,0,0,1,1,1490910758),(23,31,0,1,1,5,1490910758),(23,31,3,3,3,6,1490910758),(33,31,1,1,1,1,1490910759),(40,21,0,0,1,2,1490910759),(13,18,1,1,1,2,1490910759),(3,33,1,1,1,1,1490910760),(40,21,0,0,1,3,1490910760),(5,40,1,1,1,1,1490910761),(41,29,1,1,1,2,1490910761),(31,35,1,1,1,1,1490910761),(40,21,0,0,1,4,1490910762),(20,26,1,1,1,1,1490910762),(10,33,0,1,1,1,1490910763),(40,21,0,1,1,5,1490910764),(10,33,1,1,1,2,1490910765),(14,30,0,1,1,1,1490910765),(40,21,3,3,3,6,1490910766),(26,16,1,1,1,2,1490910766),(16,15,1,1,0,1,1490910766),(25,8,1,1,1,3,1490910766),(37,40,1,1,1,1,1490910766),(30,21,0,1,1,1,1490910766),(21,38,1,1,1,1,1490910767),(28,12,0,1,1,1,1490910767),(17,38,1,1,1,1,1490910768),(30,21,0,1,1,2,1490910768),(48,13,0,1,1,1,1490910769),(44,23,1,1,1,1,1490910769),(39,27,0,1,1,1,1490910770),(6,35,1,1,1,2,1490910770),(30,21,0,1,1,3,1490910770),(4,12,1,1,1,3,1490910770),(5,31,1,1,1,1,1490910772),(38,19,1,1,1,1,1490910772),(30,21,1,1,1,4,1490910772),(9,5,0,1,1,1,1490910772),(46,10,1,1,1,1,1490910773),(11,31,0,1,1,1,1490910773),(36,31,0,0,1,2,1490910773),(9,5,1,1,1,2,1490910774),(3,32,1,1,1,2,1490910774),(11,31,0,1,1,2,1490910775),(48,13,1,1,1,2,1490910775),(1,17,1,1,1,1,1490910776),(1,17,4,4,4,2,1490910776),(26,27,1,0,1,1,1490910776),(41,20,0,1,1,2,1490910776),(12,31,0,0,1,1,1490910778),(13,10,1,1,1,4,1490910779),(11,31,0,1,1,3,1490910779),(7,18,1,1,1,2,1490910780),(11,31,1,1,1,4,1490910780),(5,8,0,1,1,2,1490910781),(41,20,0,1,1,3,1490910781),(15,38,0,1,1,1,1490910782),(23,36,0,0,1,1,1490910782),(8,29,1,1,1,1,1490910782),(5,8,0,1,1,3,1490910783),(40,8,0,1,1,2,1490910783),(41,20,0,1,1,4,1490910783),(15,38,0,1,1,2,1490910783),(9,11,1,1,1,3,1490910784),(47,40,1,1,1,1,1490910784),(43,36,1,1,1,1,1490910784),(41,20,1,1,1,5,1490910784),(32,18,1,1,1,1,1490910784),(5,8,1,1,1,4,1490910784),(40,8,0,1,1,3,1490910784),(15,38,1,1,1,3,1490910785),(35,33,1,1,1,1,1490910785),(40,8,0,1,1,4,1490910786),(18,37,0,1,1,1,1490910787),(37,35,1,1,1,1,1490910787),(40,8,0,1,1,5,1490910787),(49,28,1,1,0,2,1490910788),(6,3,0,1,1,2,1490910788),(20,24,0,0,1,1,1490910788),(23,3,1,1,1,1,1490910788),(30,5,0,0,1,1,1490910789),(40,8,3,3,3,6,1490910789),(22,30,0,1,1,1,1490910789),(10,40,1,1,1,1,1490910790),(11,13,0,0,0,1,1490910790),(31,36,1,1,1,1,1490910790),(26,27,1,0,1,2,1490910790),(33,33,1,1,1,1,1490910791),(18,37,0,1,1,2,1490910792),(26,27,1,0,1,3,1490910792),(22,30,1,1,1,2,1490910792),(41,13,0,1,1,2,1490910792),(19,29,1,1,1,1,1490910793),(11,13,0,1,1,2,1490910793),(16,29,1,1,1,1,1490910793),(4,7,1,1,0,1,1490910793),(18,37,1,1,1,3,1490910793),(29,29,1,1,1,1,1490910793),(26,27,1,1,1,4,1490910793),(13,31,0,0,1,3,1490910794),(38,4,1,1,1,1,1490910794),(17,30,0,1,1,1,1490910795),(14,18,0,1,1,1,1490910795),(11,13,0,1,1,3,1490910796),(40,16,0,0,1,1,1490910796),(17,30,0,1,1,2,1490910797),(14,18,0,1,1,2,1490910798),(9,30,1,1,1,1,1490910798),(15,28,0,0,0,1,1490910798),(11,13,0,1,1,4,1490910798),(17,30,0,1,1,3,1490910798),(4,7,1,1,1,2,1490910798),(5,23,0,0,0,1,1490910798),(40,16,1,0,1,2,1490910798),(41,13,1,1,1,3,1490910799),(32,12,0,1,1,2,1490910799),(17,30,0,1,1,4,1490910799),(40,16,1,0,1,3,1490910800),(11,13,0,1,1,5,1490910800),(23,36,0,0,1,2,1490910800),(14,18,0,1,1,3,1490910800),(10,24,0,0,1,1,1490910800),(13,13,1,1,1,1,1490910800),(40,16,1,0,1,4,1490910801),(17,30,0,1,1,5,1490910801),(47,33,1,1,1,1,1490910801),(23,36,0,0,1,3,1490910802),(31,40,1,1,1,1,1490910802),(38,13,1,1,1,3,1490910802),(30,5,0,0,1,2,1490910802),(17,30,3,3,3,6,1490910802),(40,16,1,1,1,5,1490910802),(25,37,0,1,1,1,1490910802),(24,23,0,1,1,1,1490910803),(23,36,0,0,1,4,1490910803),(12,28,1,1,0,1,1490910803),(22,13,1,0,1,2,1490910803),(30,5,1,0,1,3,1490910804),(48,8,0,1,1,2,1490910804),(43,11,0,1,1,1,1490910804),(21,12,0,1,1,2,1490910804),(23,36,1,0,1,5,1490910804),(10,18,0,0,0,1,1490910804),(30,5,1,0,1,4,1490910805),(23,36,3,3,3,6,1490910805),(12,28,1,1,0,2,1490910806),(42,22,1,1,1,1,1490910807),(12,28,1,1,0,3,1490910807),(30,5,1,0,1,5,1490910807),(22,13,1,0,1,3,1490910807),(11,3,0,0,1,1,1490910807),(12,28,1,1,0,4,1490910808),(30,5,3,3,3,6,1490910808),(2,22,0,1,0,1,1490910808),(22,13,1,0,1,4,1490910808),(25,37,1,1,1,2,1490910808),(15,17,1,1,1,1,1490910808),(10,7,0,0,1,1,1490910808),(29,39,1,1,1,1,1490910809),(22,13,1,1,1,5,1490910809),(12,28,1,1,1,5,1490910809),(19,17,1,1,1,1,1490910809),(18,14,1,1,1,1,1490910810),(40,15,0,0,0,1,1490910810),(11,3,0,0,1,2,1490910810),(44,13,0,1,1,2,1490910811),(32,38,0,1,1,1,1490910811),(5,38,1,1,1,1,1490910811),(10,30,0,1,0,1,1490910812),(8,7,1,0,0,1,1490910813),(37,33,1,1,1,1,1490910813),(11,3,0,0,1,3,1490910813),(4,25,1,1,1,1,1490910813),(30,19,0,0,0,1,1490910814),(30,19,0,0,0,2,1490910814),(21,32,1,1,1,1,1490910814),(26,24,0,0,0,2,1490910814),(2,15,0,1,1,2,1490910814),(44,13,0,1,1,3,1490910814),(17,25,0,0,0,1,1490910815),(43,18,1,1,1,1,1490910815),(13,4,1,0,1,1,1490910815),(23,32,0,1,1,1,1490910816),(27,18,1,1,1,1,1490910816),(10,25,0,0,0,1,1490910816),(6,36,1,1,1,1,1490910816),(44,13,0,1,1,4,1490910816),(23,32,0,1,1,2,1490910816),(42,33,1,1,1,1,1490910816),(40,36,0,0,1,1,1490910817),(13,4,1,0,1,2,1490910817),(9,7,0,0,1,1,1490910817),(34,22,0,0,1,1,1490910817),(2,15,0,1,1,3,1490910817),(23,32,0,1,1,3,1490910817),(13,4,1,1,1,3,1490910817),(26,24,0,0,1,3,1490910817),(8,12,1,0,1,2,1490910817);
/*!40000 ALTER TABLE `stat_log` ENABLE KEYS */;
UNLOCK TABLES;

--
-- Table structure for table `team_data`
--

DROP TABLE IF EXISTS `team_data`;
/*!40101 SET @saved_cs_client     = @@character_set_client */;
/*!40101 SET character_set_client = utf8 */;
CREATE TABLE `team_data` (
  `team_id` int(8) NOT NULL,
  `team_nickname` varchar(50) NOT NULL,
  `password` varchar(8) NOT NULL,
  `points` int(8) NOT NULL,
  `rank_freetime` int(8) NOT NULL,
  `last_checkin_time` int(18) NOT NULL,
  `last_point` int(18) NOT NULL,
  `rank_final` int(8) NOT NULL,
  `history` varchar(150) NOT NULL,
  `attempts` varchar(150) NOT NULL
) ENGINE=InnoDB DEFAULT CHARSET=latin1;
/*!40101 SET character_set_client = @saved_cs_client */;

--
-- Dumping data for table `team_data`
--

LOCK TABLES `team_data` WRITE;
/*!40000 ALTER TABLE `team_data` DISABLE KEYS */;
INSERT INTO `team_data` VALUES (1,'Team Better','TNGFEW',126,42,1490910776,1490910776,41,'1;1;2;1;0;1;2;1;0;0;0;0;1;1;0;0;1;0;0;1;0;1;0;0;0;0;2;2;0;0;0;1;0;2;0;0;0;2;1;1','1;2;1;1;0;1;1;1;0;0;0;0;1;1;0;0;2;0;0;1;0;1;0;0;0;0;1;1;0;0;0;2;0;1;0;0;0;1;1;1'),(2,'Team 2','ALM5EM',214,30,1490910817,1490910748,8,'1;1;1;0;1;0;0;1;1;1;1;0;1;0;2;1;1;2;2;1;1;2;1;1;1;0;2;0;0;1;0;1;0;1;1;0;0;0;1;1','2;1;1;0;1;0;0;1;1;1;1;0;2;0;3;1;1;1;1;2;1;1;1;1;1;0;1;0;0;1;0;1;0;1;1;0;0;0;1;1'),(3,'Mathletes','KM9P5V',214,4,1490910774,1490910774,9,'1;1;1;1;0;1;0;1;1;1;1;1;1;1;0;0;1;1;1;3;1;1;0;1;0;0;0;1;0;0;0;1;1;1;0;0;0;0;0;0','1;1;1;2;0;1;0;1;1;1;1;2;1;1;0;0;1;1;1;6;1;1;0;1;0;0;0;1;0;0;0;2;1;1;0;0;0;0;0;0'),(4,'4 for 4','XEGGCN',164,33,1490910813,1490910813,29,'1;1;1;0;0;0;1;1;1;0;1;1;1;0;0;1;1;0;0;1;1;0;0;0;1;0;0;1;0;0;0;1;2;1;0;0;1;0;0;0','1;2;1;0;0;0;2;2;1;0;2;3;2;0;0;1;1;0;0;1;2;0;0;0;1;0;0;1;0;0;0;1;1;1;0;0;1;0;0;0'),(5,'Team5','GQ4225',214,16,1490910811,1490910811,11,'1;1;1;1;0;1;0;1;1;0;1;0;1;1;0;1;1;0;0;1;0;0;2;0;0;0;0;1;1;1;1;0;1;1;0;1;0;1;1;1','1;3;1;1;0;1;0;4;1;0;1;0;3;1;0;1;1;0;0;1;0;0;1;0;0;0;0;1;1;2;1;0;1;1;0;1;0;1;1;1'),(6,'','PKJVRP',160,32,1490910816,1490910816,31,'1;1;2;0;0;1;2;0;0;0;0;0;1;1;0;1;1;0;2;1;0;0;1;0;0;0;0;0;0;0;1;1;1;0;1;1;1;0;1;1','2;2;2;0;0;1;1;0;0;0;0;0;3;1;0;1;1;0;2;1;0;0;1;0;0;0;0;0;0;0;1;1;1;0;2;1;1;0;1;1'),(7,'TEAM KATHERINE','HRZVL4',166,22,1490910780,1490910780,26,'1;1;1;1;1;1;0;1;0;1;1;2;0;1;1;1;1;1;0;1;0;0;1;1;0;0;0;0;0;0;0;0;0;0;0;0;0;0;0;0','1;1;2;1;1;1;0;1;0;1;1;1;0;1;1;1;1;2;0;1;0;0;1;1;0;0;0;0;0;0;0;0;0;0;0;0;0;0;0;0'),(8,'Everyone <3 Pi','7WG7BB',168,7,1490910817,1490910782,24,'1;1;0;0;0;1;2;1;1;1;1;2;1;1;1;0;0;0;0;0;0;0;0;0;1;0;0;1;1;1;2;1;0;1;0;0;0;0;1;1','2;2;0;0;0;1;1;1;1;1;1;2;1;1;3;0;0;0;0;0;0;0;0;0;1;0;0;3;1;1;1;1;0;1;0;0;0;0;1;1'),(9,'Team Banana Kangaroo','TYF16J',236,1,1490910817,1490910798,5,'1;1;1;1;1;1;2;1;1;1;1;1;0;1;1;1;1;0;1;0;0;0;1;1;2;1;1;0;1;1;1;0;1;1;1;0;1;0;1;1','1;2;1;2;2;1;1;1;1;1;3;4;0;2;2;1;1;0;1;0;0;0;1;3;1;4;5;0;3;1;2;0;5;1;1;0;1;0;2;1'),(10,'plus children','EDZ95R',200,18,1490910816,1490910790,12,'1;0;1;1;0;1;2;0;1;0;0;2;0;1;0;1;1;2;1;2;1;1;0;2;2;0;2;1;1;2;0;1;1;1;1;0;1;1;1;1','2;0;1;1;0;1;1;0;1;0;0;1;0;1;0;1;1;1;1;1;1;1;0;1;1;0;1;4;1;1;0;1;2;1;1;0;1;1;1;1'),(11,'KrAzY KaTs','4J2D5J',154,36,1490910813,1490910780,33,'1;1;2;1;1;1;1;3;1;1;1;1;2;1;1;0;1;0;0;0;0;0;0;1;0;0;0;0;0;1;1;1;0;1;0;1;0;1;0;0','3;1;3;1;3;1;2;6;1;2;1;5;5;1;4;0;1;0;0;0;0;0;0;5;0;0;0;0;0;1;4;1;0;1;0;2;0;3;0;0'),(12,'Team 12 ','SD1HYC',118,47,1490910809,1490910809,45,'1;0;0;0;0;1;0;0;0;0;1;0;1;1;0;1;0;0;0;0;0;0;0;0;0;0;1;1;0;1;2;1;0;1;0;0;0;2;1;1','2;0;0;0;0;1;0;0;0;0;1;0;2;1;0;1;0;0;0;0;0;0;0;0;0;0;1;5;0;1;1;1;0;1;0;0;0;1;1;1'),(13,'What is in a Name?','BWZJT1',268,6,1490910817,1490910817,1,'1;0;1;1;0;1;0;1;1;1;1;1;1;1;1;0;1;1;1;1;0;0;2;1;0;0;1;1;1;1;2;1;1;1;1;0;1;1;1;1','1;0;2;3;0;1;0;1;1;4;1;3;1;1;2;0;1;2;1;1;0;0;1;1;0;0;1;1;1;1;3;1;1;1;1;0;1;1;2;1'),(14,'Team 14','LBQS3M',164,17,1490910800,1490910713,28,'2;1;2;1;1;1;2;1;1;2;1;2;0;1;0;1;1;2;2;0;2;0;0;0;0;0;0;1;1;2;2;0;1;1;0;1;0;0;1;1','1;1;1;1;1;1;2;2;1;2;1;1;0;1;0;1;1;3;1;0;2;0;0;0;0;0;0;2;1;1;1;0;2;1;0;1;0;0;1;1'),(15,'Answer Sheet','17QQ6L',166,35,1490910808,1490910808,27,'1;1;1;1;0;1;1;1;0;2;2;0;1;0;0;0;1;0;0;0;0;0;0;0;1;0;2;2;1;1;1;1;0;1;0;2;1;1;1;0','2;3;1;1;0;1;1;1;0;1;1;0;2;0;0;0;1;0;0;0;0;0;0;0;1;0;1;1;1;1;1;1;0;2;0;1;1;3;1;0'),(16,'Not Rike This!!','71VY4Q',182,27,1490910793,1490910793,19,'1;1;1;1;0;1;0;0;1;1;0;0;1;1;2;0;0;1;0;0;0;1;0;0;0;0;2;1;1;0;1;1;0;1;0;0;0;1;1;1','1;2;2;1;0;1;0;0;1;1;0;0;2;1;1;0;0;1;0;0;0;1;0;0;0;0;1;2;1;0;1;1;0;1;0;0;0;1;1;1'),(17,'Undefined','7MTXUH',192,13,1490910815,1490910768,15,'1;1;1;0;0;0;0;1;1;1;1;0;1;0;0;1;0;0;0;1;0;0;2;0;2;0;1;1;1;3;2;1;1;1;1;0;0;1;1;1','2;1;1;0;0;0;0;1;1;1;2;0;2;0;0;1;0;0;0;1;0;0;1;0;1;0;1;1;2;6;1;1;1;1;1;0;0;1;1;1'),(18,'Team Ate Teen','1W4Q5N',214,9,1490910810,1490910810,10,'1;1;1;1;1;1;2;1;0;1;1;0;1;1;2;1;1;0;2;1;0;0;0;1;1;0;1;1;0;0;1;1;0;1;1;0;1;0;0;1','1;2;3;2;2;1;1;2;0;1;1;0;2;1;1;1;1;0;1;1;0;0;0;1;1;0;5;1;0;0;1;1;0;1;1;0;3;0;0;1'),(19,'team 19','FFPWYH',178,10,1490910809,1490910809,21,'1;1;1;1;0;1;1;1;0;0;1;0;1;1;0;0;1;0;0;1;0;0;0;0;0;0;2;1;1;0;0;1;0;1;0;2;1;0;1;1','1;1;3;2;0;1;2;1;0;0;1;0;2;1;0;0;1;0;0;2;0;0;0;0;0;0;3;1;1;0;0;1;0;1;0;1;1;0;1;1'),(20,'Jensen','8PEP5B',126,46,1490910788,1490910762,40,'1;0;1;0;0;1;0;1;0;1;0;0;0;1;0;0;0;0;0;0;0;0;0;2;0;1;0;0;1;0;1;0;1;1;1;0;0;0;0;1','1;0;1;0;0;1;0;2;0;1;0;0;0;2;0;0;0;0;0;0;0;0;0;1;0;1;0;0;1;0;1;0;1;1;1;0;0;0;0;1'),(21,'Just Du It','122LRW',172,15,1490910814,1490910814,23,'1;1;0;2;0;1;0;1;0;1;1;2;2;1;0;1;1;0;2;1;0;1;1;0;0;2;2;0;0;0;0;1;1;0;1;0;1;1;0;1','2;3;0;1;0;2;0;1;0;1;1;2;1;1;0;1;1;0;1;1;0;1;1;0;0;1;2;0;0;0;0;1;1;0;1;0;1;1;0;1'),(22,'','2N8KBT',154,25,1490910809,1490910809,34,'1;1;0;1;0;1;1;2;1;0;0;2;1;1;0;0;0;0;1;0;0;0;1;1;0;0;2;0;1;1;0;0;1;0;1;0;0;0;1;1','2;2;0;1;0;1;1;1;1;0;0;1;5;1;0;0;0;0;1;0;0;0;1;1;0;0;1;0;2;2;0;0;1;0;1;0;0;0;1;1'),(23,'Team Team','T2EMGA',224,38,1490910817,1490910788,7,'1;1;1;0;0;0;0;1;1;1;0;0;1;0;0;1;1;1;0;1;0;1;0;1;3;1;1;1;1;1;3;2;1;0;1;3;1;1;1;1','1;3;1;0;0;0;0;2;1;2;0;0;1;0;0;1;1;1;0;3;0;1;0;1;6;1;3;1;1;1;6;3;1;0;1;6;1;1;1;1'),(24,'Team 24','ZNFE94',84,45,1490910803,1490910546,48,'1;1;1;0;2;0;0;0;1;0;0;0;0;1;2;0;1;0;0;0;0;0;2;1;0;0;2;0;0;0;0;1;0;1;0;0;0;0;0;0','2;3;1;0;1;0;0;0;1;0;0;0;0;1;1;0;1;0;0;0;0;0;1;1;0;0;2;0;0;0;0;1;0;1;0;0;0;0;0;0'),(25,'Integirls','M8JSND',174,20,1490910808,1490910808,22,'1;1;1;1;0;1;1;1;0;1;1;0;0;1;0;0;1;0;2;0;0;1;0;1;0;0;0;0;1;0;0;1;0;1;0;0;1;0;0;1','1;1;1;1;0;1;1;3;0;1;1;0;0;1;0;0;1;0;1;0;0;1;0;1;0;0;0;0;1;0;0;1;0;1;0;0;2;0;0;1'),(26,'Student Athletes','TD6LPM',146,31,1490910817,1490910793,36,'1;1;1;0;0;1;0;1;1;1;1;1;1;1;2;1;0;0;0;3;0;0;0;2;1;0;1;0;0;0;0;1;0;0;0;0;1;2;1;0','2;2;2;0;0;1;0;3;1;1;1;3;2;1;1;2;0;0;0;6;0;0;0;3;1;0;4;0;0;0;0;1;0;0;0;0;1;1;1;0'),(27,'Team 27','7G16S3',142,26,1490910816,1490910816,37,'1;0;2;1;0;1;1;1;0;1;1;2;1;2;0;0;0;1;0;2;1;0;0;0;0;0;2;0;1;0;0;1;0;1;1;0;0;0;1;0','3;0;1;1;0;1;1;1;0;1;1;1;3;1;0;0;0;1;0;1;1;0;0;0;0;0;1;0;1;0;0;1;0;1;1;0;0;0;1;0'),(28,'Matherics','PAUTM2',78,39,1490910767,1490910725,49,'1;1;1;0;0;1;0;1;0;0;0;2;0;0;0;0;0;0;0;0;0;0;0;0;0;0;1;0;0;0;1;0;1;1;0;0;0;0;0;0','1;1;1;0;0;1;0;4;0;0;0;1;0;0;0;0;0;0;0;0;0;0;0;0;0;0;3;0;0;0;1;0;1;2;0;0;0;0;0;0'),(29,'Team 29','TCFZGF',160,29,1490910809,1490910809,30,'1;2;2;1;1;0;0;1;1;3;1;1;2;1;1;2;1;2;1;1;0;1;0;0;0;0;2;0;1;0;2;0;1;1;0;0;0;0;1;1','2;2;2;1;1;0;0;3;1;6;1;4;1;1;1;1;1;1;4;2;0;1;0;0;0;0;1;0;1;0;1;0;1;1;0;0;0;0;1;1'),(30,'TI','UUD4BS',124,50,1490910814,1490910772,42,'1;1;1;1;3;0;0;0;1;1;0;0;1;1;0;0;0;0;2;0;1;0;1;0;0;0;0;0;1;1;0;0;1;0;0;0;1;0;1;1','2;3;2;1;6;0;0;0;3;4;0;0;1;1;0;0;0;0;2;0;4;0;1;0;0;0;0;0;1;3;0;0;5;0;0;0;1;0;1;1'),(31,'Kool Team','8VV46A',260,8,1490910802,1490910802,2,'1;1;1;1;1;1;1;1;1;0;1;2;1;1;1;1;1;1;0;1;0;1;1;1;0;0;0;0;1;0;1;0;1;1;1;1;0;0;0;1','2;3;2;1;1;1;1;1;1;0;1;2;2;1;1;1;1;1;0;1;0;1;1;1;0;0;0;0;1;0;1;0;1;1;1;1;0;0;0;1'),(32,'Kurtlandia','G4G71Y',228,2,1490910811,1490910784,6,'1;1;1;1;1;1;0;1;1;1;1;2;1;1;2;0;1;1;0;1;1;1;1;0;1;0;2;1;0;0;1;0;0;1;1;0;0;2;0;1','4;1;1;1;2;1;0;1;1;1;1;2;2;1;1;0;1;1;0;1;1;1;2;0;1;0;1;1;0;0;1;0;0;1;1;0;0;1;0;1'),(33,'Team 33','ZEYKYB',186,23,1490910791,1490910791,17,'1;1;1;0;0;1;0;1;1;1;1;0;1;1;0;1;1;0;0;0;0;0;1;0;0;0;0;0;0;0;1;1;1;1;1;0;0;0;0;1','2;1;1;0;0;1;0;1;1;1;1;0;1;1;0;1;2;0;0;0;0;0;1;0;0;0;0;0;0;0;1;1;1;1;1;0;0;0;0;1'),(34,'Team 34','CHDH8L',116,44,1490910817,1490910742,46,'1;0;1;1;0;0;0;1;0;1;0;0;0;0;0;1;0;1;1;1;0;2;0;1;0;0;2;0;0;0;0;0;0;0;0;1;0;0;0;1','2;0;1;1;0;0;0;1;0;1;0;0;0;0;0;1;0;1;1;1;0;1;0;1;0;0;1;0;0;0;0;0;0;0;0;2;0;0;0;1'),(35,'Team 35','NS6SM8',184,12,1490910785,1490910785,18,'1;1;1;0;0;0;0;1;0;1;1;2;1;1;0;1;1;0;0;0;1;0;1;0;0;0;1;0;0;0;0;1;1;1;1;0;0;0;1;1','3;1;1;0;0;0;0;2;0;1;1;2;2;1;0;1;1;0;0;0;1;0;1;0;0;0;1;0;0;0;0;1;1;1;1;0;0;0;1;1'),(36,'The Quadratics','9KTUEQ',132,28,1490910773,1490910672,38,'1;1;1;0;0;1;0;1;0;1;1;0;1;0;1;0;1;2;0;0;0;0;0;1;0;0;1;0;3;0;2;1;0;1;0;0;0;0;0;0','2;2;1;0;0;1;0;1;0;1;1;0;2;0;1;0;1;1;0;0;0;0;0;1;0;0;2;0;6;0;2;1;0;1;0;0;0;0;0;0'),(37,'Team 37','VLK2HA',148,24,1490910813,1490910813,35,'1;1;0;1;0;1;2;1;0;1;1;2;0;1;0;0;0;1;0;0;0;1;0;0;0;0;0;0;0;0;0;1;1;0;1;2;0;0;1;1','1;2;0;1;0;1;1;1;0;1;1;1;0;1;0;0;0;1;0;0;0;1;0;0;0;0;0;0;0;0;0;1;1;0;1;1;0;0;1;1'),(38,'Doing Our Best','R8EFJ4',240,3,1490910802,1490910802,4,'1;2;1;1;0;1;1;1;1;1;1;0;1;1;1;1;1;0;1;1;0;1;1;0;0;0;0;1;1;0;1;0;1;1;2;2;1;0;1;1','2;3;3;1;0;1;2;1;1;1;1;0;3;1;2;3;1;0;1;1;0;2;1;0;0;0;0;1;1;0;1;0;1;1;2;1;1;0;1;1'),(39,'Team Extra Credit','GLBLT9',126,21,1490910770,1490910749,39,'1;1;1;1;0;1;0;0;0;1;0;2;1;1;1;0;1;0;2;0;0;0;0;0;0;0;2;0;0;0;1;0;1;0;0;0;0;0;0;1','2;1;1;1;0;1;0;0;0;1;0;1;2;1;1;0;1;0;1;0;0;0;0;0;0;0;1;0;0;0;1;0;1;0;0;0;0;0;0;1'),(40,'Acute ideas','W6SSN5',168,43,1490910817,1490910802,25,'1;1;0;0;0;1;0;3;1;2;1;2;1;1;2;1;1;0;3;0;3;1;1;1;0;0;1;1;0;0;1;1;1;1;1;2;1;0;1;1','1;1;0;0;0;2;0;6;1;1;2;1;3;1;1;5;1;0;6;0;6;5;4;1;0;0;4;1;0;0;1;5;1;1;5;1;1;0;1;1'),(41,'Team Extra Credit :)','QME97J',192,19,1490910799,1490910799,16,'1;1;1;1;0;1;0;1;1;1;1;2;1;1;1;2;1;1;0;1;1;0;0;1;1;0;0;0;1;1;3;1;1;1;1;1;1;1;1;1','2;1;2;1;0;1;0;2;1;1;3;1;3;1;1;1;1;1;0;5;1;0;0;1;1;0;0;0;2;4;6;5;5;5;5;4;5;5;5;4'),(42,'Dubs','PSVYK4',250,14,1490910816,1490910816,3,'1;1;1;1;0;1;1;1;0;1;1;0;1;1;1;1;1;1;1;1;0;1;1;1;0;2;2;1;1;0;0;1;1;1;0;0;0;0;1;0','1;2;2;1;0;1;1;1;0;3;1;0;2;1;1;1;1;1;1;1;0;1;1;1;0;1;1;1;1;0;0;1;1;1;0;0;0;0;1;0'),(43,'Team 43','Z1256A',70,48,1490910815,1490910815,50,'1;1;2;1;1;0;0;3;2;0;2;0;0;1;0;2;0;1;0;2;0;0;0;0;0;0;2;0;0;0;2;0;0;0;0;1;0;2;1;0','4;3;1;1;1;0;0;6;1;0;1;0;0;1;0;1;0;1;0;1;0;0;0;0;0;0;1;0;0;0;1;0;0;0;0;1;0;1;1;0'),(44,'The Wombats','YCL1N5',122,37,1490910816,1490910769,43,'1;1;1;1;2;1;0;1;1;1;1;0;2;1;0;0;1;0;2;0;1;0;1;0;0;0;0;2;0;0;0;0;0;0;0;0;0;0;0;0','3;1;1;1;1;1;0;1;1;2;1;0;4;2;0;0;1;0;1;0;1;0;1;0;0;0;0;1;0;0;0;0;0;0;0;0;0;0;0;0'),(45,'?','1A2JTE',86,49,1490910738,1490910696,47,'1;1;1;0;0;0;0;0;0;0;1;0;2;0;0;1;1;0;0;1;0;0;0;1;0;0;0;0;0;0;0;0;0;0;0;0;0;0;1;0','3;1;1;0;0;0;0;0;0;0;1;0;3;0;0;1;1;0;0;1;0;0;0;1;0;0;0;0;0;0;0;0;0;0;0;0;0;0;1;0'),(46,'Team 46','D8SH8Q',198,5,1490910773,1490910773,13,'1;1;1;1;1;1;1;1;0;1;1;2;2;0;0;1;1;1;0;0;0;1;0;0;0;0;0;0;1;0;1;1;0;1;0;0;0;0;1;1','1;1;1;1;1;1;1;2;0;1;1;1;1;0;0;1;1;1;0;0;0;1;0;0;0;0;0;0;1;0;1;1;0;1;0;0;0;0;1;1'),(47,'TEAM 47','SM7CBG',118,40,1490910801,1490910801,44,'2;1;1;0;0;1;0;2;1;0;1;0;0;0;1;0;1;0;1;0;0;1;2;0;0;0;0;0;1;0;0;0;1;0;0;0;0;0;0;1','2;2;1;0;0;1;0;1;1;0;1;0;0;0;1;0;1;0;1;0;0;1;1;0;0;0;0;0;1;0;0;0;1;0;0;0;0;0;0;1'),(48,'X-tra Credit','628YW4',158,41,1490910804,1490910775,32,'1;1;1;0;1;1;0;2;1;1;1;2;1;1;0;0;1;0;1;0;0;0;0;1;0;0;1;0;0;1;0;0;2;0;0;0;0;1;0;0','1;1;1;0;1;1;0;2;1;1;1;1;2;1;0;0;1;0;1;0;0;0;0;1;0;0;1;0;0;1;0;0;1;0;0;0;0;1;0;0'),(49,'Perfectly Squared','ZL7BBL',194,11,1490910788,1490910681,14,'1;1;1;1;0;1;0;1;1;1;0;2;1;1;1;1;1;1;2;1;0;0;2;1;1;0;1;2;0;0;0;1;0;0;0;0;1;0;0;0','2;1;1;1;0;1;0;1;1;2;0;1;2;1;1;1;1;1;1;1;0;0;1;1;1;0;1;2;0;0;0;1;0;0;0;0;1;0;0;0'),(50,'Team 50000000','63LXB5',180,34,1490910716,1490910716,20,'1;1;1;1;1;1;1;3;0;1;1;0;2;1;0;1;1;1;0;1;0;0;0;0;1;0;1;2;2;0;0;1;0;0;1;1;0;0;0;0','2;3;2;1;1;1;1;6;0;1;1;0;1;1;0;1;1;1;0;1;0;0;0;0;1;0;2;2;1;0;0;1;0;0;1;1;0;0;0;0');
/*!40000 ALTER TABLE `team_data` ENABLE KEYS */;
UNLOCK TABLES;
/*!40103 SET TIME_ZONE=@OLD_TIME_ZONE */;

/*!40101 SET SQL_MODE=@OLD_SQL_MODE */;
/*!40014 SET FOREIGN_KEY_CHECKS=@OLD_FOREIGN_KEY_CHECKS */;
/*!40014 SET UNIQUE_CHECKS=@OLD_UNIQUE_CHECKS */;
/*!40101 SET CHARACTER_SET_CLIENT=@OLD_CHARACTER_SET_CLIENT */;
/*!40101 SET CHARACTER_SET_RESULTS=@OLD_CHARACTER_SET_RESULTS */;
/*!40101 SET COLLATION_CONNECTION=@OLD_COLLATION_CONNECTION */;
/*!40111 SET SQL_NOTES=@OLD_SQL_NOTES */;

-- Dump completed on 2017-03-30 19:12:23
